code,month,year,trout,burn_debris,max_disch_nr_nrst_gage,cumulative_junes_dry,preceding_yr_dry_duration_ys,yrs_since_disturbance,avg_max_depth,temp,do,avg_canopy_cover,leaf_cpom_wet_wt,algae_cpom_wet_wt,nitella_aquatic_veg_cpom_wet_wt,total_inverts,total_non_insects,total_insects,total_amphibians,mollusks,ept,och,megaloptera,rarified_taxa,pielou_s_j,sensitive,tolerant,coll_gath,coll_filt,filter_lent,grazer,predator,shredder,multi,fast_seas,small,large,cold_steno,cool_warm_eury,warm_eury,pool,mixed,riffle,no_wings,weak_flght,strong_flght,abund_drift,atmospheric,biotic_index,thermal_index
aho,6,2009,present,un,0.1461,0,0,5,0.908,16,8.24,92.2,NA,NA,NA,135,0,135,0,0,109,15,9,15.4,0.73,75,8,40,0,0,7,21,66,34,53,46,7,43,88,3,84,1,49,0,125,10,0,7,0.3415,15.854
aho,6,2010,present,un,2.695,0,0,5.78,0.81,15.6,9.99,91.2,NA,NA,NA,274,0,274,1,0,248,24,2,10.9,0.64,202,22,190,0,0,1,27,57,173,210,193,4,70,204,0,207,3,65,0,250,24,16,20,0.9987,15.7976
aho,6,2011,present,un,9.1355,0,0,6.78,0.86,15.8,10.25,86.9,NA,NA,NA,226,0,226,0,0,220,5,0,9.3,0.65,151,5,169,1,0,5,6,45,159,178,167,1,48,177,0,118,0,108,0,220,6,58,4,0.9814,16.2553
aho,6,2012,present,un,0.073,0,0,7.78,0.8,16.6,8.56,86.2,NA,NA,NA,339,1,338,0,1,317,15,0,10.4,0.6,252,42,126,0,4,9,12,187,81,145,95,10,159,177,3,166,2,171,1,328,10,1,10,0.8015,15.538
aho,6,2013,present,un,0.2632,0,0,8.78,0.82,16.7,7.2,91.9,88,0,0,656,42,614,1,41,529,73,12,13.3,0.71,293,66,347,0,2,77,71,160,131,428,345,47,153,301,202,415,40,202,42,585,29,8,46,2.2542,18.3819
aho,6,2014,present,un,0.5242,0,0,9.78,0.94,17.1,2.98,93.6,38,0,0,410,27,383,1,27,290,21,6,11.7,0.78,75,147,260,1,64,32,24,30,128,327,301,15,5,261,143,371,27,13,27,374,9,1,92,2.3859,19.7077
aho,6,2015,absent,un,0.1879,0,0,10.86,0.86,18,2,91.8,88,27,0,566,133,433,6,133,219,81,5,10,0.7,121,342,159,0,128,135,93,57,178,451,305,75,13,508,34,422,134,16,133,420,13,0,267,3.1581,16.1917
aho,6,2016,absent,un,0.9438,0,0,11.86,0.85,17,2.3,92.6,53,95,0,378,27,351,13,27,111,212,10,11.1,0.72,14,334,96,0,20,33,227,15,184,343,132,140,5,368,5,360,25,6,27,272,79,0,116,4.2918,16.455
aho,6,2017,present,un,6.3847,0,0,12.86,0.85,19,8,85.8,23,222,0,915,1,914,11,1,891,12,10,8.5,0.39,170,656,746,1,0,11,25,143,702,753,708,4,110,800,4,787,3,136,1,902,12,28,9,4.4074,15.8568
aho,6,2018,present,un,2.9625,0,0,13.86,0.85,17,8,91,36,161,0,386,6,380,2,6,317,50,12,15.4,0.71,174,57,280,0,1,32,51,24,154,262,191,16,25,271,75,313,9,66,6,356,24,18,26,1.5342,16.8477
aho,6,2020,present,un,1.4743,0,0,15.86,0.87,18.8,9,93,86,2,0,242,5,237,0,5,213,24,0,14.5,0.73,127,29,119,0,0,8,25,89,66,131,93,12,74,134,28,133,6,103,5,222,15,23,14,1.4159,16.8853
aqu,6,2020,absent,un,1.4743,0,0,64.61,0.41,16,10,93,41,0,0,462,9,453,6,9,243,203,5,14,0.68,214,169,121,0,0,29,204,114,70,309,59,117,128,315,19,301,15,152,9,382,71,5,74,4.5087,16.0376
csp,6,2009,present,bri,0.1337,0,0,0.08,0.4,14.9,5.5,94.5,NA,NA,NA,542,15,527,24,10,469,55,2,12,0.56,326,180,207,0,1,41,59,257,169,263,173,36,265,269,8,268,16,282,15,505,22,3,22,2,15.8096
csp,6,2010,absent,bri,2.6051,0,0.21,0.86,0.19,15.1,9.81,92.6,NA,NA,NA,158,0,158,40,0,139,12,1,12.3,0.73,80,3,123,6,0,35,24,10,116,139,121,2,17,137,4,120,0,78,0,140,18,61,11,1.8759,16.9441
csp,6,2011,absent,bri,1.5659,0,0,1.86,0.79,17.2,9.24,86.6,NA,NA,NA,351,0,351,7,0,319,32,0,11,0.66,188,29,206,0,0,2,40,110,180,238,165,9,113,224,14,113,2,243,0,326,25,129,25,1.3579,16.3861
csp,6,2012,absent,bri,0.0363,0,0,2.86,0.58,15.7,1.6,90.4,NA,NA,NA,521,8,513,1,5,325,187,0,10.1,0.53,323,173,60,0,0,8,194,258,87,235,12,101,263,254,4,234,15,273,8,411,102,0,92,1.4096,15.736
csp,6,2013,absent,bri,0.0147,0,0.38,3.86,0.5,14.8,2.24,90.5,100,0,0,592,42,550,68,40,278,269,0,10.4,0.68,232,333,254,0,3,123,266,9,118,570,102,212,13,565,14,575,45,40,42,475,75,0,114,1.8679,15.6662
csp,6,2014,NA,NA,0.204,1,0.38,4.86,0,NA,NA,NA,NA,NA,NA,NA,NA,NA,NA,NA,NA,NA,NA,NA,NA,NA,NA,NA,NA,NA,NA,NA,NA,NA,NA,NA,NA,NA,NA,NA,NA,NA,NA,NA,NA,NA,NA,NA,NA,NA
csp,6,2015,absent,bri,0.0252,2,0.62,5.94,0.5,17,5,86.2,146,0,0,490,158,332,35,152,46,278,0,10.9,0.73,1,409,42,0,132,63,282,6,137,415,197,179,1,448,8,485,28,12,158,198,134,0,108,3.5005,18.175
csp,6,2016,NA,NA,0.0059,3,0.67,6.94,0,NA,NA,NA,NA,NA,NA,NA,NA,NA,NA,NA,NA,NA,NA,NA,NA,NA,NA,NA,NA,NA,NA,NA,NA,NA,NA,NA,NA,NA,NA,NA,NA,NA,NA,NA,NA,NA,NA,NA,NA,NA
csp,6,2017,absent,bri,1.4943,0,0.5,7.94,0.64,18,7,64.9,130,1985,0,925,0,925,187,0,583,341,0,11,0.62,110,613,483,0,1,118,409,100,578,791,648,56,260,646,5,1008,2,102,0,626,299,8,285,3.8361,16.0049
csp,6,2018,absent,bdf,11.0436,0,0.25,0.5,0.3,18,9,15,55,1390,0,1463,0,1463,179,0,1107,231,0,11,0.55,6,939,1234,0,0,179,225,1,1106,1200,1288,40,97,1141,162,1284,74,284,0,1238,225,207,315,6.4867,20.4366
csp,6,2020,absent,bdf,3.1432,0,0,2.5,0.47,17.4,11,20,4,1560,0,803,0,803,154,0,748,36,0,8.4,0.56,64,32,749,19,0,154,34,0,770,783,784,9,13,410,374,261,10,687,0,749,55,678,36,3.403,19.8199
ecu,6,2011,absent,un,9.1355,0,0,55.53,0.5,15.9,9.91,96.6,NA,NA,NA,226,1,225,0,1,202,22,0,14.5,0.64,138,15,71,0,0,17,20,118,56,104,67,7,111,113,2,53,7,166,1,211,14,42,12,0.7447,15.9921
ecl,6,2012,absent,un,0.073,0,0,56.53,0.33,15.6,5.61,93.2,NA,NA,NA,277,4,273,0,4,89,176,6,17.3,0.71,66,148,28,0,0,20,173,55,125,190,31,32,46,217,12,192,9,76,4,142,131,3,130,2.4583,16.5742
ecl,6,2013,absent,un,0.2632,0,0,57.53,0.32,14.2,2.42,97.3,183,0,0,587,148,439,0,148,252,131,13,14.6,0.74,221,281,120,0,161,44,135,127,105,405,212,37,114,442,23,408,43,136,148,340,99,1,156,1.7334,16.5847
ecm,6,2009,absent,un,0.1461,0,0,53.75,0.22,15.3,2.9,71.2,NA,NA,NA,445,172,273,18,172,98,157,18,12.1,0.71,44,331,20,0,0,193,175,73,316,339,188,15,35,401,5,245,178,40,172,131,142,0,312,2.4836,16.0644
ecm,6,2010,absent,un,2.695,0,0.21,54.53,0.41,13.9,9.95,51.4,NA,NA,NA,427,8,419,11,8,239,179,0,13.5,0.75,99,238,165,1,0,23,181,68,313,352,169,14,77,343,6,275,10,153,8,251,168,77,175,2.3488,16.0687
ecm,6,2011,absent,un,9.1355,0,0,55.53,0.5,18,9.93,59.5,NA,NA,NA,350,0,350,2,0,172,171,7,12.5,0.66,88,159,96,0,0,13,172,67,228,262,94,4,69,274,4,193,8,151,0,182,168,75,165,2.4946,16.2331
ecm,6,2012,absent,un,0.073,0,0,56.53,0.37,20.95,9.25,59.1,NA,NA,NA,601,4,597,0,4,184,408,5,14.3,0.65,153,382,63,0,0,32,406,100,315,454,43,79,88,484,24,457,10,134,4,277,320,0,313,2.8707,16.0473
ecm,6,2013,NA,NA,0.2632,1,0.38,57.53,0,NA,NA,NA,NA,NA,NA,NA,NA,NA,NA,NA,NA,NA,NA,NA,NA,NA,NA,NA,NA,NA,NA,NA,NA,NA,NA,NA,NA,NA,NA,NA,NA,NA,NA,NA,NA,NA,NA,NA,NA,NA
ecm,6,2014,NA,NA,0.5242,2,0.38,58.53,0,NA,NA,NA,NA,NA,NA,NA,NA,NA,NA,NA,NA,NA,NA,NA,NA,NA,NA,NA,NA,NA,NA,NA,NA,NA,NA,NA,NA,NA,NA,NA,NA,NA,NA,NA,NA,NA,NA,NA,NA,NA
ecm,6,2015,NA,NA,0.1879,3,0.62,59.53,0,NA,NA,NA,NA,NA,NA,NA,NA,NA,NA,NA,NA,NA,NA,NA,NA,NA,NA,NA,NA,NA,NA,NA,NA,NA,NA,NA,NA,NA,NA,NA,NA,NA,NA,NA,NA,NA,NA,NA,NA,NA
ecm,6,2016,NA,NA,0.9438,4,0.67,0,0,NA,NA,NA,NA,NA,NA,NA,NA,NA,NA,NA,NA,NA,NA,NA,NA,NA,NA,NA,NA,NA,NA,NA,NA,NA,NA,NA,NA,NA,NA,NA,NA,NA,NA,NA,NA,NA,NA,NA,NA,NA
ecm,6,2017,absent,bdf,43.2381,0,0.5,1.08,0.4,21,8,20.1,27,15075,0,5230,0,5230,4,0,5086,111,0,4.3,0.12,20,5030,5079,2,31,4,109,9,5102,5169,5102,34,8,5076,133,5086,6,142,0,5123,107,138,104,2.0326,20.9239
ecm,6,2018,absent,bdf,11.0436,0,0,2.08,0.23,22,9,21,37,1115,0,1519,0,1519,101,0,848,124,1,12.3,0.62,10,150,1112,269,0,101,133,5,1097,1175,1407,69,23,1363,98,313,38,1268,0,1165,354,1018,333,3.3914,17.6387
ecm,6,2020,absent,bdf,3.1432,0,0,4.08,0.38,18,9,28,9,960,0,1677,0,1677,208,0,1566,95,0,8.5,0.4,42,129,1529,7,0,209,95,44,1525,1597,1547,19,52,312,1311,377,13,1495,0,1579,98,1426,97,3.1734,21.3581
gob,6,2012,present,un,0.0363,0,0,26.78,0.64,16.6,3.5,94.1,NA,NA,NA,387,2,385,0,2,350,21,13,10.2,0.55,250,12,82,0,1,8,34,262,11,97,23,12,181,203,2,196,2,189,2,368,17,1,11,1.1067,15.6171
gob,6,2013,present,un,0.0147,0,0.02,27.78,0.53,15.9,4,95.3,138,0,0,2185,1522,663,4,1521,192,122,13,9.6,0.55,105,1933,39,0,1851,7,138,153,28,1956,1893,119,97,2063,25,2077,13,99,1522,607,56,0,346,5.9416,18.0862
gob,6,2014,present,un,0.204,0,0.02,28.78,0.65,14.9,2.5,95.4,38,52,0,212,23,189,9,23,29,81,0,8.8,0.68,5,189,19,0,98,4,90,10,20,194,116,79,0,211,1,216,4,1,23,178,11,0,86,2.881,17.8143
gob,6,2015,absent,un,0.0252,0,0,29.86,0.55,16,4,96.4,130,2,0,419,24,395,14,24,225,116,0,9.2,0.57,10,383,201,0,73,14,120,25,207,385,278,111,8,408,2,419,5,9,24,383,12,0,64,3.0973,17.7559
gob,6,2016,NA,NA,0.0059,1,0.34,30.86,0,NA,NA,NA,NA,NA,NA,NA,NA,NA,NA,NA,NA,NA,NA,NA,NA,NA,NA,NA,NA,NA,NA,NA,NA,NA,NA,NA,NA,NA,NA,NA,NA,NA,NA,NA,NA,NA,NA,NA,NA,NA
gob,6,2017,absent,un,1.4943,0,0.56,31.86,0.65,18,8,90.5,36,311,0,376,3,373,24,3,43,330,0,10.1,0.59,21,274,26,0,0,14,342,17,53,352,94,224,85,290,1,382,5,13,3,262,111,0,109,4.5994,16.084
gob,6,2018,absent,bdf,11.0436,0,0.08,0.5,0.32,27,8,21,4,365,0,231,0,231,4,0,200,29,0,9.3,0.62,4,88,201,2,0,4,27,0,202,210,212,17,6,193,30,105,1,129,0,200,31,128,13,2.7337,18.1922
myg,6,2012,present,un,0.2642,0,0,21.78,1.07,20.9,8.28,78.5,NA,NA,NA,326,41,285,0,38,240,40,5,11.9,0.59,48,62,28,0,0,55,28,211,69,77,93,11,47,276,3,220,45,61,41,263,22,1,63,1.1987,17.4459
myg,6,2013,present,un,0.2206,0,0,22.78,1.02,19.1,4.8,79.9,56,182,0,555,88,467,0,88,401,60,5,10.3,0.64,70,255,178,0,4,91,56,222,244,281,283,37,70,457,27,387,91,77,88,427,40,0,104,2.0239,18.4652
myg,6,2014,present,un,0.3993,0,0,23.78,0.99,18.7,7.75,75,22,0,0,370,15,355,0,14,313,33,9,10.5,0.51,29,243,230,0,0,16,40,83,234,252,252,12,31,319,18,319,15,36,15,341,14,0,22,2.6479,18.3413
myg,6,2015,present,un,1.7528,0,0,24.86,1.19,19,8,80.9,33,228,0,704,17,687,4,17,603,56,21,10.5,0.51,62,449,406,0,8,24,70,195,419,438,440,30,61,624,17,622,22,64,17,661,26,1,33,3.6645,17.267
myg,6,2016,present,un,0.6938,0,0,25.86,1.22,20,2.6,79.1,9,22,0,332,24,308,0,24,234,61,9,10.5,0.7,20,206,151,0,4,25,69,83,175,194,181,37,21,293,14,282,24,26,24,289,19,0,30,1.4623,18.4322
myg,6,2017,present,un,12.0346,0,0,26.86,1,21,9,68.1,31,37,0,250,22,228,3,21,168,34,26,14.7,0.73,70,86,102,0,0,25,59,65,124,134,130,14,29,203,11,198,23,32,22,208,20,1,38,0.2853,17.8069
myg,6,2018,present,un,1.2148,0,0,27.86,0.99,17,9,67,32,2,0,327,31,296,2,26,211,81,4,14.3,0.68,133,97,48,0,0,39,78,163,72,111,93,43,138,162,25,138,33,158,31,272,24,1,47,0.9218,16.9675
myg,6,2020,present,un,2.0954,0,0,29.86,0.86,17.2,8,78,37,417,6,290,23,267,1,23,156,108,1,12.6,0.72,73,152,133,0,0,34,99,25,151,202,169,59,7,267,14,250,24,17,23,254,13,4,43,2.3767,18.8386
mrn,6,2009,present,bri,0.3341,0,0,92,0.458,18.1,8.2,95.8,NA,NA,NA,472,59,413,1,55,380,31,2,10.8,0.57,109,69,70,0,0,64,31,307,108,154,118,17,45,426,1,362,56,55,59,402,11,0,61,2.2091,16.8019
mrn,6,2010,absent,bri,5.0121,0,0,0.86,0.34,18.7,10.75,94.3,NA,NA,NA,309,0,309,41,0,123,156,2,9.8,0.61,32,153,120,29,0,43,157,1,154,300,150,143,2,304,3,230,1,119,0,265,44,113,14,3.3675,17.2025
mrn,6,2011,absent,bri,11.0436,0,0,1.86,0.56,15.6,10.45,94.6,NA,NA,NA,918,4,914,8,4,876,36,0,8.2,0.47,346,38,844,3,0,13,27,30,858,879,868,14,18,818,82,372,20,534,4,889,25,518,26,3.5744,17.7657
mrn,6,2013,absent,bri,0.0317,0,0,3.86,0.38,16.3,6.9,94.7,158,0,0,663,233,430,1,194,68,341,17,10.3,0.71,12,519,12,0,110,90,392,57,283,565,205,182,4,654,4,528,90,46,233,257,173,0,248,4.4312,17.3171
mrn,6,2017,absent,bri,9.8542,0,0,7.94,0.48,21,11,86.1,28,621,0,543,15,528,299,13,77,449,2,6.8,0.51,1,520,64,0,2,310,450,13,169,520,81,352,2,538,2,825,13,3,15,427,101,1,109,4.1132,18.675
mrn,6,2018,absent,bri,0.9231,0,0.17,8.94,0.42,17,6,91,31,2,0,401,56,345,58,32,14,324,0,10.6,0.64,3,359,13,0,12,87,324,11,188,367,56,162,3,379,9,384,49,26,56,175,170,10,203,2.8389,17.0863
bgl,6,2012,absent,bri,0.1642,NA,NA,2.86,0.51,15.6,9.06,93.2,NA,NA,NA,367,55,312,28,42,93,213,2,13.9,0.71,20,222,1,0,1,85,205,94,166,244,73,67,26,332,3,284,60,50,55,173,139,0,181,2.0505,17.3034
bgl,6,2013,NA,NA,0.0317,NA,NA,3.86,0,NA,NA,NA,NA,NA,NA,NA,NA,NA,NA,NA,NA,NA,NA,NA,NA,NA,NA,NA,NA,NA,NA,NA,NA,NA,NA,NA,NA,NA,NA,NA,NA,NA,NA,NA,NA,NA,NA,NA,NA,NA
bgl,6,2017,absent,bri,9.8542,NA,NA,7.94,0.38,19,5,72.4,36,2,0,363,27,336,57,27,179,153,2,8.4,0.66,4,327,179,0,2,84,155,0,301,344,220,40,14,333,16,391,27,2,27,223,113,0,142,4.0731,19.3587
bgu,6,2009,absent,brb,0.3341,0,0,0.08,0.356,16.2,8.33,79.6,NA,NA,NA,787,42,745,0,41,481,261,1,15.7,0.7,321,163,101,0,0,127,174,377,153,352,229,76,275,468,44,343,55,388,42,657,88,22,135,2.1137,16.8661
bgu,6,2010,absent,brb,5.0121,0,0.21,0.86,0.28,18.3,10.64,60.1,NA,NA,NA,2049,3,2046,260,2,1930,95,0,7.8,0.37,128,1633,1921,11,0,267,93,16,1929,1997,2002,19,65,1976,7,2092,22,195,3,1957,89,173,91,5.3404,17.0604
bgu,6,2011,absent,brb,11.0436,0,0,1.86,0.59,19.2,11.2,60.9,NA,NA,NA,875,1,874,299,0,761,97,0,10.8,0.63,134,170,738,13,0,299,83,26,793,828,784,18,18,465,391,627,17,530,1,780,94,523,84,1.7646,20.8466
bgu,6,2012,absent,brb,0.1642,0,0,2.86,0.58,16.1,8.85,53.6,NA,NA,NA,335,9,326,41,2,68,258,0,11.7,0.67,2,249,16,0,0,46,259,51,220,272,35,40,12,309,8,346,12,18,9,109,217,7,218,2.9506,17.4474
bgu,6,2013,absent,brb,0.0317,0,0,3.86,0.52,16.8,7.8,57.4,16,0,0,1037,49,988,182,45,607,351,30,10.4,0.62,2,491,126,0,0,231,366,478,396,494,206,85,16,1009,3,1134,72,13,49,720,268,0,311,3.6834,18.8148
bgu,6,2014,absent,brb,0.64,0,0,4.86,0.55,16.6,2.29,57.4,14,0,0,327,2,325,28,2,103,220,1,9.2,0.59,2,287,93,0,1,31,219,10,236,288,100,70,4,298,21,344,7,4,2,176,149,0,152,2.1777,19.45
bgu,6,2015,absent,brb,0.4106,0,0,5.94,0.52,20,3,71.2,5,0,0,427,8,419,65,8,135,276,3,13.1,0.67,5,355,119,0,4,75,272,16,264,354,149,105,14,378,26,459,26,7,8,250,169,0,178,4.6602,19.2316
bgu,6,2016,absent,brb,0.286,0,0,6.94,0.5,18,3,66.4,21,6,21,1526,22,1504,115,19,1144,354,2,8.9,0.41,12,1414,1107,0,1,135,359,39,1311,1404,1130,110,15,1454,21,1577,44,20,22,1273,231,0,241,6.961,18.4176
bgu,6,2017,absent,brb,9.8542,0,0,7.94,0.46,17,6,67.8,17,3121,0,678,42,636,303,42,412,222,1,8,0.53,4,637,405,0,0,345,223,8,490,648,460,144,14,647,4,921,56,4,42,559,77,0,120,1.1129,19.218
bgu,6,2018,absent,brb,0.9231,0,0,8.94,0.46,17,6,75,70,2,0,550,45,505,103,12,126,350,0,11.6,0.72,5,435,100,0,29,115,379,26,334,470,142,140,2,495,41,575,29,49,45,275,230,2,261,4.5708,16.54
bgu,6,2020,absent,brb,2.2483,0,0,10.94,0.44,17,6,84,56,1,0,448,20,428,54,19,96,329,0,11.9,0.61,26,325,17,0,1,83,317,80,132,331,47,200,21,409,13,436,27,39,20,307,121,1,147,3.5204,17.8169
ral,6,2009,present,bri,0.1337,0,0,0.08,0.438,15.7,8.19,98.2,NA,NA,NA,307,1,306,1,1,219,83,0,12,0.65,251,9,110,3,0,3,84,108,91,122,93,69,146,147,14,126,52,130,1,238,68,6,4,0.8318,16.2586
ral,6,2010,absent,bri,5.0121,0,0,0.86,0.34,16,9.45,93.4,NA,NA,NA,188,0,188,1,0,145,15,0,10,0.64,53,8,142,28,0,0,17,2,141,183,146,4,9,175,4,64,2,123,0,149,39,120,11,1.6177,16.7962
ral,6,2011,absent,bri,1.5659,0,0,1.86,0.79,16.5,9.92,94.2,NA,NA,NA,361,1,360,3,1,286,73,0,8.3,0.37,278,70,26,1,0,2,75,259,15,101,16,63,261,99,1,91,7,266,1,348,12,8,11,0.7561,15.7182
ral,6,2012,absent,bri,0.0363,0,0,2.86,0.69,14.9,8.74,95.9,NA,NA,NA,645,14,631,0,13,481,149,0,11.5,0.62,404,148,118,0,0,43,164,316,104,294,73,68,309,333,3,234,17,394,14,552,79,23,88,2.1555,15.9656
ral,6,2013,absent,bri,0.0147,0,0,3.86,0.63,16.1,6.52,93.5,137,0,0,838,20,818,16,18,379,439,0,9.8,0.62,362,408,33,0,0,45,437,329,174,445,41,267,331,502,5,464,31,359,20,605,213,0,189,2.7867,15.9618
ral,6,2014,absent,bri,0.204,0,0,4.86,0.53,16.5,2.06,96.1,330,0,0,312,13,299,4,9,86,206,0,10.3,0.67,85,193,14,0,7,11,208,72,127,206,21,86,72,236,3,223,14,79,13,153,146,0,135,2.5808,15.945
ral,6,2015,absent,bri,0.0252,0,0,5.94,0.52,19,4,94.9,69,19,0,595,9,586,20,4,335,233,16,10.7,0.65,142,225,13,0,1,22,241,322,109,222,26,118,135,452,7,449,21,145,9,454,132,0,125,3.2143,15.739
ral,6,2016,absent,bri,0.0059,1,0.34,6.94,0.41,17,2.8,95.3,310,0,0,486,102,384,4,99,132,218,4,12.9,0.72,120,309,13,0,30,102,218,121,172,314,152,120,113,357,12,253,110,127,102,268,116,0,232,4.0665,17.3502
ral,6,2017,absent,bri,1.4943,0,0,7.94,0.61,18,7,80.7,47,2,0,424,24,400,21,24,207,191,2,11.4,0.63,177,229,206,0,0,37,200,1,175,408,73,64,5,408,11,403,34,8,24,270,130,6,152,2.2702,15.8112
ral,6,2018,absent,bri,0.3333,0,0,8.94,0.58,16,7,87,66,11,0,403,2,401,11,2,33,359,6,11,0.5,29,352,23,1,1,11,364,11,178,364,16,174,14,378,9,386,12,16,2,204,197,2,191,3.9268,16.4308
ral,6,2020,absent,bri,0.3734,0,0,10.94,0.55,15.3,8,90,45,0,0,461,1,460,14,0,305,145,8,12.7,0.59,282,122,76,3,0,13,160,223,67,202,23,94,221,226,14,227,8,240,1,390,70,15,50,2.3016,15.9068
rau,6,2009,present,bri,0.1337,0,0,0.08,0.752,14.3,8.45,96.6,NA,NA,NA,515,6,509,0,6,407,102,0,7.7,0.45,468,12,31,0,0,9,99,376,7,46,10,94,438,72,5,52,85,378,6,421,88,1,6,0.8735,15.7952
rau,6,2010,absent,bri,5.0121,0,0,0.86,0.24,14.7,9.75,95.4,NA,NA,NA,132,1,131,2,0,89,16,0,14.8,0.69,36,17,82,16,7,0,22,7,75,117,91,8,9,116,6,43,14,77,1,103,28,71,18,1.8531,16.7337
rau,6,2011,absent,bri,1.5659,0,0,1.86,0.67,15.1,10.27,95.8,NA,NA,NA,491,8,483,3,6,388,90,0,8,0.41,371,91,54,1,0,9,95,334,31,153,32,79,337,153,1,127,7,359,8,473,10,17,17,1.5464,15.7618
rau,6,2012,absent,bri,0.0363,0,0,2.86,0.56,15.5,8.99,97.3,NA,NA,NA,839,59,780,3,59,584,193,0,8.1,0.43,591,227,28,2,0,64,190,555,149,258,71,96,565,271,3,197,76,569,59,671,109,4,149,1.7446,16.0803
rau,6,2013,absent,bri,0.0147,0,0,3.86,0.51,15,7.95,96.6,232,0,0,1142,1,1141,2,0,757,384,0,6.1,0.43,760,347,18,0,0,10,377,739,178,374,10,195,744,390,8,381,8,755,1,937,204,0,180,1.9556,15.7349
rau,6,2017,absent,bri,1.4943,0,0,7.94,0.68,16,9,95.1,70,182,0,775,28,747,62,20,414,326,5,9.6,0.54,405,334,24,2,0,70,349,390,88,362,31,265,388,381,6,414,25,398,28,671,76,3,82,2.9149,15.8447
rau,6,2018,absent,bri,0.3333,0,0,8.94,0.6,16,8,95,65,2,0,316,30,286,8,28,13,273,0,8.8,0.54,15,286,6,0,0,33,278,7,107,291,29,194,10,302,4,280,34,10,30,194,92,0,106,3.5676,18.1848
ref,6,2009,absent,un,0.1461,0,0,53.75,0.396,17.6,8.37,94.6,NA,NA,NA,750,43,707,4,42,146,473,88,12.3,0.71,67,311,29,0,0,101,512,109,268,542,250,46,187,559,4,609,47,98,43,321,386,0,424,2.949,17.078
ref,6,2010,absent,un,2.695,0,0,54.53,0.43,17.2,10.8,87.2,NA,NA,NA,655,14,641,102,14,251,370,16,13.9,0.77,133,237,164,4,0,113,392,84,265,544,260,71,211,441,3,574,15,168,14,333,308,94,314,3.7711,16.1837
ref,6,2011,absent,un,9.1355,0,0,55.53,0.44,17.8,9.9,92.6,NA,NA,NA,394,2,392,1,2,207,182,2,12.6,0.71,121,139,87,1,0,14,183,110,165,277,117,38,135,257,1,222,2,171,2,248,144,64,145,2.5554,16.082
ref,6,2012,absent,un,0.073,0,0,56.53,0.38,17.8,8.86,93.8,NA,NA,NA,653,54,599,0,53,250,325,23,12.5,0.67,201,331,38,0,1,79,330,205,283,414,103,54,186,459,4,399,55,199,54,343,256,3,306,2.8956,16.4904
ref,6,2013,absent,un,0.2632,0,0.19,57.53,0.35,16.7,7.25,95.3,28,0,0,734,104,630,2,102,291,286,53,11.8,0.76,178,363,60,0,8,97,340,231,300,432,132,84,138,582,14,505,98,133,104,414,216,3,299,2.2343,17.0052
ref,6,2014,absent,un,0.5242,0,0.19,58.53,0.23,18.9,5.95,96.1,60,0,0,888,157,731,0,152,359,320,42,12,0.73,113,455,74,0,56,112,361,285,364,510,225,80,89,776,22,687,106,95,157,475,256,0,349,3.9417,17.6331
ref,6,2015,NA,NA,0.1879,1,0.25,59.53,0,NA,NA,NA,NA,NA,NA,NA,NA,NA,NA,NA,NA,NA,NA,NA,NA,NA,NA,NA,NA,NA,NA,NA,NA,NA,NA,NA,NA,NA,NA,NA,NA,NA,NA,NA,NA,NA,NA,NA,NA,NA
ref,6,2016,NA,NA,0.9438,2,0.38,0,0,NA,NA,NA,NA,NA,NA,NA,NA,NA,NA,NA,NA,NA,NA,NA,NA,NA,NA,NA,NA,NA,NA,NA,NA,NA,NA,NA,NA,NA,NA,NA,NA,NA,NA,NA,NA,NA,NA,NA,NA,NA
ref,6,2017,absent,brb,43.2381,0,0.52,1.08,0.59,22,6,47.7,5,2600,0,17549,19,17530,90,19,17014,484,4,3.3,0.07,1,17135,17014,4,25,74,521,1,17063,17483,17365,92,304,17158,34,17564,24,51,19,17130,400,48,439,8.5865,19.8839
ref,6,2018,absent,brb,1.4936,0,0,2.08,0.5,21,6,52,4,291,0,1156,320,836,32,320,461,373,2,9.2,0.54,1,1071,457,2,0,351,372,1,920,1112,837,145,54,1073,9,854,328,6,320,599,237,1,543,5.0175,19.5243
ref,6,2020,absent,brb,1.4743,0,0,4.08,0.51,15.9,11,59,27,106,0,1907,137,1770,208,137,1155,606,1,14.1,0.71,43,816,981,1,0,350,576,178,1192,1239,1444,123,334,1416,127,1375,585,155,137,1284,486,114,629,4.6422,19.9388
rom,6,2009,absent,un,0.1337,0,0,37.67,0.366,14.3,9.06,96.6,NA,NA,NA,993,12,981,1,0,359,620,0,13.1,0.6,695,73,54,1,0,25,628,282,66,186,62,467,673,247,68,189,443,362,12,443,538,6,91,1.3286,16.5974
rom,6,2010,absent,un,2.6051,0,0,38.45,0.51,14.5,9.59,89.9,NA,NA,NA,536,19,517,9,0,309,200,0,14.5,0.65,379,38,63,7,0,14,222,237,69,149,48,131,351,166,18,139,118,288,19,337,180,22,50,0.4906,15.8768
rom,6,2011,absent,un,1.5659,0,0,39.45,0.61,14.8,10.36,96.2,NA,NA,NA,884,4,880,1,0,837,40,0,8.2,0.36,766,14,186,2,0,5,49,643,72,210,68,12,681,183,19,150,46,689,4,867,13,62,9,0.8389,15.7855
rom,6,2012,absent,un,0.0363,0,0,40.45,0.61,16.1,8.76,96.8,NA,NA,NA,583,64,519,5,0,352,165,0,13.3,0.65,304,74,36,1,0,15,231,304,118,187,30,81,288,250,44,157,27,403,64,435,84,18,41,2.0582,15.8814
rom,6,2013,absent,un,0.0147,0,0,41.45,0.55,15.3,5.6,95.9,298,0,0,5252,4735,517,24,4709,157,359,0,13.1,0.75,149,4803,64,1,4591,147,387,84,118,4895,4604,186,88,4964,82,4944,143,189,4735,358,159,4,99,6.4436,18.1568
rom,6,2014,absent,un,0.204,0,0,42.45,0.54,16.1,2.82,94.9,63,68,0,1089,669,420,26,639,159,261,0,11.3,0.79,148,731,89,0,544,122,288,71,136,848,548,109,61,883,50,875,108,132,669,279,141,1,114,5.0569,17.6544
rom,6,2015,absent,un,0.0252,0,0,43.53,0.58,17,8,92.2,37,0,0,1236,728,508,16,697,229,278,0,11.1,0.8,164,833,48,0,659,57,308,179,143,910,662,136,114,1050,34,1033,78,141,728,318,190,0,116,4.7807,17.7137
rom,6,2016,absent,un,0.0059,0,0,44.53,0.5,17,8,90.5,29,0,0,2833,2246,587,31,2214,322,264,0,11.5,0.77,228,2301,24,1,2116,130,293,298,138,2354,2124,131,208,2488,39,2482,131,251,2246,421,166,2,113,4.6206,17.9538
rom,6,2017,absent,un,1.4943,0,0,45.53,0.65,18,9,90.7,37,34,0,562,23,539,19,5,283,255,0,12.8,0.65,270,204,56,0,5,21,274,225,83,282,29,174,227,305,29,287,16,278,23,454,85,15,60,2.04,16.0523
rom,6,2018,absent,bdf,11.0436,0,0,0.5,0.29,21,10,36,90,2265,0,538,0,538,314,0,379,136,0,11.6,0.61,16,187,390,5,1,314,130,11,372,452,460,14,81,380,52,588,30,234,0,398,140,216,140,3.1454,17.8022
rom,6,2020,absent,bdf,3.1432,0,0,2.5,0.27,16.2,10,39,13,995,0,2096,0,2096,361,0,1935,88,0,6.2,0.4,5,20,1941,62,0,361,88,4,1990,2067,2070,14,61,392,1633,442,3,2012,0,1947,149,1985,97,4.8188,21.255
sal,6,2012,absent,bri,0.1642,NA,NA,2.86,0.41,17.6,9.25,86.6,NA,NA,NA,765,213,552,15,174,256,292,0,13.4,0.72,164,416,18,0,0,199,312,241,367,461,214,101,165,576,7,363,202,215,213,341,211,0,373,3.6658,17.1091
sal,6,2013,absent,bri,0.0317,NA,NA,3.86,0.25,18,5.63,86.6,156,0,0,1072,505,567,109,498,72,161,15,12.6,0.61,19,904,74,0,310,627,157,12,550,945,914,78,10,1034,9,621,517,43,505,472,95,0,903,2.4564,19.1801
sau,6,2009,absent,brb,0.3341,0,0,0.08,0.422,23.3,8.65,30.9,NA,NA,NA,628,176,452,178,175,218,228,2,10.3,0.63,4,539,164,0,1,356,221,57,420,534,351,111,3,607,5,603,194,9,176,338,114,0,293,4.5777,19.4475
sau,6,2010,absent,brb,5.012,0,0,0.86,0.3,19,10.49,27.4,NA,NA,NA,1021,2,1019,146,1,914,102,1,9.4,0.46,164,770,890,1,1,143,108,24,931,983,898,48,7,999,12,1101,8,58,2,951,68,47,64,5.2445,17.1036
sau,6,2011,absent,brb,11.0435,0,0,1.86,0.4,17,10.2,33.2,NA,NA,NA,1926,6,1920,110,5,1568,299,0,10.9,0.55,116,272,1552,47,0,114,291,22,1761,1887,1655,89,42,1187,697,518,15,1503,6,1660,260,1480,224,4.7989,19.4226
sau,6,2012,absent,brb,0.1642,0,0,2.86,0.35,22,9.21,42,NA,NA,NA,479,151,328,21,117,55,256,5,17.2,0.74,13,338,35,0,0,139,291,31,315,394,180,66,32,419,10,287,139,74,151,124,204,5,325,3.105,17.7123
sau,6,2013,absent,brb,0.0317,0,0.19,3.86,0.29,17,2.57,60.1,10,0,0,560,220,340,398,220,18,295,0,8.1,0.61,0,520,18,0,28,620,293,0,233,535,290,252,23,503,28,708,228,23,220,280,60,0,310,3.5542,19.4753
sau,6,2014,NA,NA,0.64,1,0.19,4.86,0,NA,NA,NA,NA,NA,NA,NA,NA,NA,NA,NA,NA,NA,NA,NA,NA,NA,NA,NA,NA,NA,NA,NA,NA,NA,NA,NA,NA,NA,NA,NA,NA,NA,NA,NA,NA,NA,NA,NA,NA,NA
sau,6,2015,NA,NA,0.4106,2,0.25,5.86,0,NA,NA,NA,NA,NA,NA,NA,NA,NA,NA,NA,NA,NA,NA,NA,NA,NA,NA,NA,NA,NA,NA,NA,NA,NA,NA,NA,NA,NA,NA,NA,NA,NA,NA,NA,NA,NA,NA,NA,NA,NA
sau,6,2016,NA,NA,0.286,3,0.38,6.86,0,NA,NA,NA,NA,NA,NA,NA,NA,NA,NA,NA,NA,NA,NA,NA,NA,NA,NA,NA,NA,NA,NA,NA,NA,NA,NA,NA,NA,NA,NA,NA,NA,NA,NA,NA,NA,NA,NA,NA,NA,NA
sau,6,2017,absent,brb,9.8542,0,0.52,7.94,0.36,21,7,10.8,5,5410,0,4562,0,4562,0,0,4352,187,1,4.5,0.13,3,4367,4353,2,18,0,187,0,4451,4465,4377,10,3,4375,131,4435,5,122,0,4396,166,118,179,4.1153,21.7913
sau,6,2018,absent,brb,0.9231,0,0.08,8.94,0.27,26,8,14,5,22,0,371,134,237,450,134,11,193,0,6.7,0.49,0,358,11,0,31,584,194,0,149,353,183,169,6,358,3,685,136,0,134,222,15,0,181,1.6681,19.5044
sau,6,2020,absent,brb,2.2483,0,0.17,0.5,0.27,19.2,9,27,14,36,0,463,7,456,53,7,102,236,0,10.3,0.62,0,300,217,0,0,59,234,4,112,320,236,214,10,432,20,381,7,128,7,432,24,9,146,1.7591,19.5121
sjo,6,2009,present,un,0.5267,0,0,53.75,0.834,15.3,8.61,96.2,NA,NA,NA,274,21,253,0,21,194,55,3,14.6,0.73,184,31,122,0,0,29,53,70,115,162,129,46,66,200,8,178,43,53,21,213,40,2,29,1.9115,16.5711
sjo,6,2010,present,un,2.6051,0,0,54.53,0.97,13.9,9.66,96.1,NA,NA,NA,306,4,302,1,4,283,17,1,10.8,0.52,253,14,254,1,0,4,19,29,225,272,232,15,24,282,0,261,11,35,4,290,12,20,6,1.3,15.9384
sjo,6,2011,present,un,17.2166,0,0,55.53,0.94,14.5,10.3,93.5,NA,NA,NA,123,0,123,0,0,113,9,0,10.9,0.45,108,3,98,1,0,1,8,15,96,110,106,6,14,108,1,104,6,13,0,117,6,5,3,0.8362,16.1188
sjo,6,2012,present,un,0.2642,0,0,56.53,0.98,15.4,8.99,93.4,NA,NA,NA,326,23,303,0,23,255,48,0,10.8,0.71,210,37,109,1,0,47,28,141,70,170,96,26,102,222,2,174,25,127,23,288,15,0,24,1.2932,16.1426
sjo,6,2013,present,un,0.2206,0,0,57.53,0.94,15.4,4.79,92.2,146,26,0,430,81,349,0,80,266,79,3,11.2,0.67,216,118,135,0,1,86,81,125,87,255,119,68,109,291,28,226,88,116,81,313,36,0,85,1.5249,17.0262
sjo,6,2014,present,un,0.3993,0,0,58.53,0.95,16.4,6.75,92.4,43,0,0,407,42,365,0,42,284,69,1,12,0.74,175,116,97,0,20,37,68,184,91,181,112,41,131,251,25,232,40,135,42,313,52,1,66,2.0061,16.9058
sjo,6,2015,present,un,1.7528,0,0,59.61,0.92,18,8,91.2,8,0,0,274,24,250,0,24,201,45,4,11.4,0.65,49,76,36,1,7,20,45,164,53,84,60,35,43,225,6,208,22,44,24,226,24,0,27,1.4475,17.1908
sjo,6,2016,absent,un,0.6938,0,0,60.61,0.89,18,5.6,90.9,22,0,0,241,22,219,8,19,83,120,0,11,0.73,17,140,19,0,17,25,122,65,59,142,55,98,17,205,18,208,19,22,22,182,37,0,56,2.5453,17.9982
sjo,6,2017,absent,un,12.0346,0,0,61.61,1.01,17,8,88,9,2,0,592,17,575,14,17,61,469,3,11.3,0.42,39,510,17,0,40,29,476,44,34,532,79,452,39,543,7,550,20,36,17,543,32,2,81,3.1504,17.0491
sjo,6,2018,absent,un,1.2148,0,0,62.61,0.95,20,10,86,30,91,0,714,20,694,5,19,255,428,0,9.8,0.58,30,517,131,0,10,26,418,125,207,514,171,356,30,630,54,657,29,33,20,610,84,0,103,4.9078,18.401
sol,6,2010,absent,un,2.695,0,0,5.78,0.45,15.6,8.46,90.9,NA,NA,NA,493,7,486,9,6,258,220,5,15.7,0.72,211,177,111,3,0,57,210,118,170,332,75,30,118,353,20,290,15,197,7,322,164,19,161,1.567,16.1809
sol,6,2012,absent,un,0.073,0,0,7.78,0.49,16.2,7.82,95,NA,NA,NA,761,31,730,4,31,442,269,17,12.7,0.66,369,272,116,0,1,57,272,319,194,400,69,81,264,473,24,423,33,309,31,570,160,2,189,0.5286,16.1164
sol,6,2017,absent,un,6.3847,NA,NA,12.86,0.43,19,9,87.4,46,12,0,847,1,846,24,1,460,365,21,8.8,0.69,239,484,189,0,0,24,388,270,234,545,131,257,180,662,4,687,3,181,1,735,111,0,107,3.6096,15.648
sou,6,2009,absent,un,0.1461,0,0,5,0.798,16,8.92,90.4,NA,NA,NA,665,0,665,4,0,326,300,36,16.9,0.76,181,194,167,0,0,78,270,138,108,432,192,103,108,540,15,495,23,150,0,492,173,3,145,2.9116,15.9301
sou,6,2011,absent,un,9.1355,0,0,6.78,0.77,15.8,10.18,93.9,NA,NA,NA,347,0,347,7,0,199,138,8,11.6,0.73,159,133,112,1,0,12,147,82,130,256,42,31,80,267,0,235,3,116,0,244,103,28,103,2.7058,15.6042
sou,6,2013,absent,un,0.2632,0,0,8.78,0.43,15.4,5.7,93.6,54,0,0,1001,28,973,5,28,576,369,24,10.7,0.61,401,371,196,0,0,33,395,382,426,471,136,51,311,571,117,637,29,340,28,670,303,3,329,2.9258,16.7137
sou,6,2017,absent,un,6.3847,0,0,12.86,0.88,16,9,89.7,71,4,0,668,1,667,4,1,195,457,15,8.6,0.51,147,479,106,0,0,4,475,87,84,560,32,398,71,595,2,598,3,71,1,604,63,1,61,5.0701,15.4146
sou,6,2018,absent,un,2.9625,0,0,13.86,0.92,16,8,91,100,0,0,756,0,756,1,0,341,407,1,9.7,0.61,263,366,172,0,1,9,405,170,183,491,62,258,143,567,45,591,2,164,0,578,178,0,142,3.0987,16.0953
sou,6,2020,absent,un,1.4743,0,0,15.86,0.81,16.5,9,91,36,1,0,681,0,681,9,0,431,243,7,13.9,0.72,297,203,211,0,0,48,230,201,156,415,125,126,167,470,44,423,5,262,0,584,97,41,83,3.1396,16.1934
srl,6,2011,absent,brb,11.0435,0,0,1.86,0.68,20.4,9.78,48.9,NA,NA,NA,918,549,369,1011,525,240,120,0,9.5,0.46,18,655,235,2,5,1529,128,8,801,871,797,60,5,852,55,1136,562,231,549,304,65,201,594,5.7636,18.9079
srl,6,2012,absent,brb,0.1642,0,0,2.86,0.51,19.8,6.19,50.5,NA,NA,NA,1448,799,649,237,796,413,194,0,11,0.55,74,1315,348,0,36,1034,190,70,1186,1346,1198,136,36,1384,24,798,807,80,799,561,88,6,908,6.5579,19.2632
srl,6,2013,absent,brb,0.0317,0,0.19,3.86,0.38,17.6,3.21,69.9,56,0,0,500,208,292,332,196,40,220,0,9.4,0.62,0,453,40,0,32,528,229,0,333,461,274,121,2,487,7,610,206,16,208,162,130,0,331,3.6809,19.0962
srl,6,2014,absent,brb,0.64,1,0.19,4.86,0.34,18,0.59,80,30,0,0,604,342,262,209,342,55,157,0,11.2,0.61,0,565,62,0,50,551,145,0,433,531,473,42,5,581,2,446,364,4,342,183,79,0,470,5.9561,19.4876
srl,6,2015,absent,brb,0.4106,2,0.25,5.94,0.4,20,2,83.1,200,0,2,556,240,316,128,239,46,183,0,13.4,0.74,0,450,52,0,87,367,177,0,337,447,410,41,0,506,9,409,263,13,240,159,157,0,439,4.2725,19.3654
srl,6,2016,NA,NA,0.286,3,0.38,6.94,0,NA,NA,NA,NA,NA,NA,NA,NA,NA,NA,NA,NA,NA,NA,NA,NA,NA,NA,NA,NA,NA,NA,NA,NA,NA,NA,NA,NA,NA,NA,NA,NA,NA,NA,NA,NA,NA,NA,NA,NA,NA
srl,6,2017,absent,brb,9.8542,0,0.52,7.94,0.54,18,4,50.7,44,2845,0,376,298,78,294,296,20,51,0,7.8,0.5,0,356,20,2,5,574,68,0,333,371,336,22,12,360,1,369,297,4,298,47,31,2,330,4.0435,19.4419
srl,6,2018,absent,brb,0.9231,0,0.08,8.94,0.53,17,7,61,221,2,0,568,309,259,284,305,1,254,0,4.5,0.53,0,557,5,0,4,589,254,0,308,560,315,245,3,559,0,541,311,0,309,250,9,4,318,5.976,19.5
srl,6,2020,absent,brb,2.2483,0,0.17,10.94,0.58,16.8,11,73,32,685,0,330,79,251,652,79,20,228,0,6.8,0.41,6,304,17,4,0,731,220,2,118,313,111,189,10,320,0,886,88,8,79,203,48,5,118,4.423,19.0934
sru,6,2010,absent,bri,5.012,0,0,0.86,0.48,18.1,9.38,94.9,NA,NA,NA,267,1,266,87,0,179,81,5,10.8,0.67,123,72,177,0,0,88,88,1,179,253,180,59,12,253,2,302,0,52,1,239,27,48,22,2.6616,16.665
sru,6,2011,absent,bri,11.0435,0,0,1.86,0.63,19.3,8.8,94.7,NA,NA,NA,207,1,206,130,0,75,131,0,9.2,0.64,35,127,44,0,0,129,129,31,67,168,48,103,23,184,0,277,4,56,1,175,31,32,28,2.3064,16.3474
sru,6,2012,absent,bri,0.1642,0,0,2.86,0.54,17.4,8.51,92.8,NA,NA,NA,512,34,478,26,34,278,199,0,10.9,0.67,242,201,45,0,0,75,186,231,146,255,56,76,201,307,2,281,38,219,34,349,129,3,145,2.5558,16.1581
sru,6,2013,absent,bri,0.0317,0,0,3.86,0.53,15.9,6.9,88.4,136,0,0,582,40,542,17,39,224,306,11,12.6,0.71,174,311,75,0,1,60,308,146,209,341,98,158,144,415,19,393,49,157,40,341,201,0,189,2.8664,16.5035
sru,6,2014,absent,bri,0.64,0,0,4.86,0.56,16.8,1.33,90.9,162.5,157.5,0,386,9,378,20,8,112,215,12,12.6,0.77,19,305,100,0,38,28,218,13,196,312,142,96,1,376,4,379,24,4,9,231,146,0,163,4.6856,16.8955
sru,6,2015,absent,bri,0.4106,0,0,5.94,0.54,19,3,88.4,220,179,0,319,51,268,62,49,62,116,7,11.9,0.81,0,284,62,0,82,112,117,0,144,278,199,61,0,301,1,319,58,4,51,203,65,0,175,4.9919,19.2102
sru,6,2016,absent,bri,0.286,0,0,6.94,0.47,17,2.8,85,157,40,0,360,49,311,130,49,180,79,0,10.6,0.63,11,323,172,0,51,180,77,10,245,326,273,39,9,341,4,425,50,15,49,260,51,0,138,3.7051,18.854
sru,6,2017,absent,bri,9.8542,0,0,7.94,0.77,18,3,80.9,46,77,0,233,85,148,174,85,31,114,3,10.6,0.7,18,197,29,0,0,229,147,2,165,223,116,43,12,219,0,319,86,2,85,74,74,0,156,2.1436,19.0411
sru,6,2018,absent,bri,0.9231,0,0,8.94,0.76,18,5,83,545,116,0,565,363,202,48,363,37,164,0,8,0.53,36,513,37,0,1,406,157,0,445,540,380,65,2,560,0,235,377,1,363,94,108,1,463,1.3838,19.0888
sru,6,2020,absent,bri,2.2483,0,0,10.94,0.58,16.5,5,92,80,1,0,245,32,213,28,32,63,149,1,13.1,0.77,34,159,34,0,0,61,148,29,83,179,58,106,17,217,9,217,36,20,32,156,57,0,75,2.0012,17.7169
sys,6,2009,present,un,0.1337,0,0,44.75,0.466,15.5,8.92,84.7,NA,NA,NA,374,8,366,2,8,168,195,0,14.1,0.67,176,15,20,0,0,28,178,148,11,86,92,36,223,73,72,97,40,238,8,263,103,0,86,1.4323,17.7751
sys,6,2010,present,un,2.6051,0,0,45.53,0.62,15.8,9.76,91.5,NA,NA,NA,196,5,191,0,2,137,51,0,17.2,0.67,110,4,28,3,0,11,47,107,21,45,33,10,93,68,33,54,4,137,5,172,19,8,14,1.6051,17.1163
sys,6,2011,present,un,1.5659,0,0,46.53,0.57,16.3,10.08,88.1,NA,NA,NA,387,0,387,0,0,368,18,0,9.6,0.34,341,4,46,0,0,18,19,304,13,62,30,7,311,63,13,41,8,338,0,378,9,12,5,0.8035,15.8003
sys,6,2012,present,un,0.0363,0,0,47.53,0.51,18.7,8.7,93.4,NA,NA,NA,342,12,330,0,12,292,37,0,10.4,0.5,257,15,20,0,0,25,34,263,18,43,26,19,233,88,20,67,17,258,12,313,17,0,14,0.7958,16.1949
sys,6,2013,absent,un,0.0147,0,0,48.53,0.48,17.5,5.2,90.9,44,0,0,658,212,446,1,212,360,85,0,9,0.59,238,121,16,0,93,124,83,343,30,138,134,53,231,290,39,268,140,251,212,397,49,0,25,1.7575,17.2248
sys,6,2014,absent,un,0.204,0,0,49.53,0.49,16.4,3.06,95.8,27,0,0,259,92,167,9,92,89,77,0,10.9,0.78,69,103,5,0,52,51,76,84,13,109,66,65,64,154,13,147,46,75,92,138,29,0,16,2.2048,17.4204
sys,6,2015,absent,un,0.0252,0,0,50.61,0.45,17,3,94.9,37,0,2,213,78,135,117,78,97,35,0,9.2,0.58,94,83,6,0,29,169,30,95,33,80,67,26,93,95,4,180,57,93,78,116,19,0,53,1.3005,16.9812
sys,6,2016,absent,un,0.0059,0,0,51.61,0.45,17,1.7,94.2,237,2,2,439,57,382,109,56,244,93,0,10.7,0.59,236,170,14,0,51,159,92,232,67,177,101,63,231,185,10,252,53,243,57,338,44,1,123,1.9207,16.3007
sys,6,2017,absent,un,1.4943,0,0,52.61,0.42,19,9,94.6,150,177,0,577,26,551,114,26,392,158,0,10.7,0.58,353,171,75,1,0,140,162,313,91,243,70,114,314,249,14,303,34,354,26,500,51,35,71,1.4104,16.1443
sys,6,2018,absent,bdf,11.0436,0,0,0.5,0.4,22,9,18,185,4555,0,2553,0,2553,300,0,2330,207,0,6.1,0.27,2,2304,2342,1,0,303,205,1,2330,2468,2478,29,134,2351,31,2772,8,73,0,2347,206,59,193,5.5829,18.9686
sys,6,2020,absent,bdf,3.1432,0,0,2.5,0.4,16.6,11,11,9,1075,0,579,0,579,101,0,520,48,0,7.3,0.39,0,32,522,9,0,101,48,0,530,552,552,23,19,57,500,155,0,525,0,523,56,520,30,2.5738,21.9643
syc,6,2011,absent,bri,1.5659,0,0,2.36,0.59,18.3,9.46,84.2,NA,NA,NA,420,21,399,56,14,277,122,0,14,0.77,92,136,254,0,0,70,119,22,299,379,285,77,13,350,57,271,27,178,21,348,51,160,60,1.7455,18.4159
syc,6,2012,absent,bri,0.0363,0,0,3.36,0.63,18.6,8.67,85.3,NA,NA,NA,698,29,669,47,20,451,215,0,14.6,0.7,50,410,359,1,0,68,223,90,500,586,389,85,19,525,150,526,28,191,29,532,137,141,154,2.2446,20.4873
syc,6,2013,absent,bri,0.0147,0,0,4.36,0.46,16.6,8.02,86.6,54,0,0,478,103,375,110,71,42,328,0,11,0.66,5,397,40,0,4,182,352,3,323,427,121,125,3,457,13,460,81,47,103,139,236,2,283,3.7492,17.3477
syc,6,2017,absent,bri,1.4943,0,0,8.44,0.51,17,8,87.6,36,83,0,567,24,543,193,23,178,348,0,8.8,0.56,3,526,174,0,17,216,348,4,209,525,217,309,5,541,3,714,42,4,24,496,47,0,75,5.1866,18.8586
syc,6,2018,absent,bri,0.3333,0,0,9.44,0.68,18,7,90,28,2,0,651,91,560,79,87,27,428,0,10.8,0.66,4,566,24,0,105,167,409,3,164,548,237,305,2,606,3,575,150,5,91,407,153,2,314,4.2839,19.2149
taj,6,2014,absent,un,0.5242,0,0,58.53,0.52,16.5,4.52,97,50,0,0,613,30,583,29,25,76,475,2,11.5,0.6,17,552,56,0,27,54,471,20,243,557,112,288,6,597,6,590,39,13,30,386,197,0,237,2.7233,17.4811
taj,6,2015,absent,un,0.1879,0,0,59.61,0.3,18,4,84,46,0,2,608,169,439,20,134,67,253,2,14.6,0.67,18,526,49,0,138,131,267,26,368,538,306,32,13,580,5,450,135,43,169,220,219,7,442,1.3543,17.8534
taj,6,2016,absent,un,0.9438,0,0,60.61,0.26,20,2,90.8,77,13,2,1221,90,1131,7,34,217,70,1,8.9,0.39,0,1139,215,0,847,36,110,2,312,1179,1106,23,2,1204,6,1119,42,65,90,1078,53,0,918,5.4421,15.044
taj,6,2017,absent,un,6.3847,0,0,61.61,0.65,20,5,70.9,57,1182,0,4005,53,3952,168,53,2997,530,1,7.6,0.4,0,3945,2997,0,424,219,532,0,3114,3989,3518,407,43,3946,2,4118,53,2,53,3829,123,0,600,7.276,19.5463
taj,6,2018,absent,un,2.9625,0,0,62.61,0.45,22,3,72.3,29,223,0,1215,56,1159,60,32,159,488,1,10.3,0.59,0,1156,159,0,510,94,496,0,509,1189,739,151,20,1179,11,1194,47,34,56,811,348,0,885,2.9709,16.5672
tor,6,2012,absent,un,0.0363,NA,NA,40.45,0.31,16.7,8.78,89.1,NA,NA,NA,402,82,320,80,81,146,172,1,11.2,0.71,129,216,44,0,0,161,171,102,179,241,102,84,100,296,5,286,88,108,82,184,136,0,170,2.7738,17.1585
tor,6,2013,NA,NA,0.0147,1,NA,41.45,0,NA,NA,NA,NA,NA,NA,NA,NA,NA,NA,NA,NA,NA,NA,NA,NA,NA,NA,NA,NA,NA,NA,NA,NA,NA,NA,NA,NA,NA,NA,NA,NA,NA,NA,NA,NA,NA,NA,NA,NA,NA
