1,Sitetime,Stream,code,Month,year,Stream#,Date,Fire,Rip M-H burn,Rip burn,Basin M-H burn,Basin burn,burn debris,BurnDfRef,trout,Burntrtref,Burn trout,Burn trout  w all,yrs code,StreamDried,NEW Gage,SAN JOSE DISCHARGE,SAN JOSEAvg Daily Disch,SAN JOSE Max disch,DOSD Nr nrst gage,Avg Daily Disch  Nr nrst gage,Max disch  Nr nrst gage,Cumulative Junes dry,Preceding Yr Dry  Duration (ys),Time since dry,Elevation,Latitude,Longitude,yrs since burned,yrs since Disturbance,avg % canopy cover,Max Depth,Avg Max depth,Avg Sed. Depth, temp,DO,FLOW,Conductivity,Leaf CPOM wet wt,Algae CPOM wet wt,Nitella aquatic veg CPOM wet wt,Total inverts,Total non-insects,Total insects,Total amphibians,Turbellaria,Mollusks ,Crustacea,Ephemerop,Plecoptera,Trichoptera,EPT,Odonata,Coleoptera,Hemiptera,OCH,Megaloptera ,Diptera,Sensitive,Medium,Tolerant,Coll-gath,Coll-filt,Filter-lent,Grazer,Predator,Piercer,Shredder,Semi,Uni,Multi,Fast seas,Non-seas,small,medium,large,Cold steno,Cool/warm eury,Warm eury,Pool,Mixed,Riffle,No wings,Weak flght,Strong flght,Rare drift,Occ-com drift,Abund drift,Cut resp,Gills,Atmospheric,Taxa richness,Pielou's J,rarified # taxa,Biotic index,Thermal index,NMS1,NMS2,NMS3,NMS1 13-20,NMS2 13-20,NMS3 13-20,pH,CPOM PH,CPOM PS,FPOM PH,FPOM PS,PH  AFDM(Org),PH Inorg Sed.,PS  AFDM(Org),PS Inorg Sed.,Pool Soft Chl a,Pool Hard Chl a,Av Curr vel  PH,Av Curr vel  PS,Av Depth  PH,Av Depth  PS,Clad PH,Clad PS,Macro PH,Macro PS,,,,,
25,20096aho,Arroyo Hondo,aho,6,2009,3,6/22/09,Gaviota,0.00,0.00,0.00,0.00,0,0,1,01,1,1,2,1,HO00,0.0037,0.0201,0.5267,0.0005,0.0050,0.1461,0,0,,75,34.489907,-120.143013,5,5,92.2,1.2,0.908,,16,8.24,,825,,,,135,0,135,0,0,0,0,42,2,65,109,7,7,1,15,9,2,75,50,8,40,0,0,7,21,0,66,4,96,34,53,81,46,81,7,43,88,3,84,1,49,0,125,10,77,58,0,3,125,7,19,0.73,15.4,0.3415,15.8540,0.74293,-0.31485,-0.49664,,,,8.01,1.2,8.4,0.1,3.2,0.546,1.256,2.923,10.610,17.98,4.67,0.00,0.00,0.36,0.56,0.0,0.0,3.8,0.0,,,,,
51,20106aho,Arroyo Hondo,aho,6,2010,3,6/22/10,Gaviota,0.00,0.00,0.00,0.00,0,0,1,01,1,1,3,1,HO00,0.0139,0.0773,2.6051,0.0003,0.0675,2.6950,0,0,,75,34.489907,-120.143013,5.78,5.78,91.2,1.2,0.81,0.01,15.6,9.99,,765,,,,274,0,274,1,0,0,0,190,0,58,248,4,20,0,24,2,0,202,50,22,190,0,0,1,27,0,57,3,98,173,210,64,193,77,4,70,204,0,207,3,65,0,250,24,190,68,16,1,253,20,15,0.64,10.9,0.9987,15.7976,0.53435,-0.85269,-0.34987,,,,8.31,1.70,6.59,0.60,3.31,2.122,3.145,2.425,8.402,12.26,55.49,0.042,0.040,0.24,0.35,57.2,3.4,57.2,3.4,,,,,
65,20116aho,Arroyo Hondo,aho,6,2011,3,6/22/11,Gaviota,0.00,0.00,0.00,0.00,0,0,1,01,1,1,3,1,HO00,0.0133,0.2062,17.2166,0.0089,0.1347,9.1355,0,0,,75,34.489907,-120.143013,6.78,6.78,86.9,1.4,0.86,0.01,15.8,10.25,,732,,,,226,0,226,0,0,0,0,173,0,47,220,1,4,0,5,0,1,151,69,5,169,1,0,5,6,0,45,1,65,159,178,47,167,57,1,48,177,0,118,0,108,0,220,6,108,60,58,2,220,4,13,0.65,9.3,0.9814,16.2553,0.65485,-1.02235,0.14688,,,,,,,,,,,,,,,,,,,,,,,,,,,
82,20126aho,Arroyo Hondo,aho,6,2012,3,7/6/12,Gaviota,0.00,0.00,0.00,0.00,0,0,1,01,1,1,3,1,HO00,0.0031,0.0127,0.2642,0.0003,0.0028,0.0730,0,0,,75,34.489907,-120.143013,7.78,7.78,86.2,1.2,0.80,0.04,16.6,8.56,,833,,,,339,1,338,0,0,1,0,129,0,188,317,8,4,3,15,0,6,252,45,42,126,0,4,9,12,1,187,5,253,81,145,194,95,234,10,159,177,3,166,2,171,1,328,10,129,209,1,3,326,10,18,0.60,10.4,0.8015,15.5380,0.7497,-0.33235,-0.24295,,,,,,,,,,,,,,,,,,,,,,,,,,,
103,20136aho,Arroyo Hondo,aho,6,2013,3,6/6/13,Gaviota,0.00,0.00,0.00,0.00,0,0,1,01,1,1,3,1,HO00,0.0017,0.0124,0.2206,0.0001,0.0101,0.2632,0,0,,75,34.489907,-120.143013,8.78,8.78,91.9,1.20,0.82,0.03,16.7,7.2,7,852,88,0,0,656,42,614,1,1,41,0,362,1,166,529,45,26,2,73,12,0,293,297,66,347,0,2,77,71,0,160,23,502,131,428,228,345,264,47,153,301,202,415,40,202,42,585,29,380,268,8,8,602,46,24,0.71,13.3,2.2542,18.3819,0.84739,-0.32689,0.03341,0.7273,-0.26391,1.13288,,,,,,,,,,,,,,,,,,,,,,,,
125,20146aho,Arroyo Hondo,aho,6,2014,3,6/25/14,Gaviota,0.00,0.00,0.00,0.00,0,0,1,01,1,1,3,1,HO00,0.0014,0.0064,0.3993,0.0000,0.0045,0.5242,0,0,,75,34.489907,-120.143013,9.78,9.78,93.6,1.20,0.94,0.05,17.1,2.98,7,958,38,0,0,410,27,383,1,0,27,0,260,0,30,290,17,4,0,21,6,66,75,187,147,260,1,64,32,24,0,30,8,273,128,327,82,301,93,15,5,261,143,371,27,13,27,374,9,343,66,1,1,317,92,17,0.78,11.7,2.3859,19.7077,0.06297,-0.33972,-0.9408,0.28813,-1.16737,0.1405,,,,,,,,,,,,,,,,,,,,,,,,
140,20156aho,Arroyo Hondo,aho,6,2015,3,7/1/15,Gaviota,0.00,0.00,0.00,0.00,0,0,0,00,0,0,4,1,HO00,0.0014,0.0120,1.7528,0.0001,0.0014,0.1879,0,0,,75,34.489907,-120.143013,10.86,10.86,91.8,1.15,0.86,0.047,18,2,3,997,88,27,0,566,133,433,6,0,133,0,160,1,58,219,74,2,5,81,5,128,121,92,342,159,0,128,135,93,0,57,8,369,178,451,104,305,175,75,13,508,34,422,134,16,133,420,13,439,127,0,0,299,267,19,0.70,10.0,3.1581,16.1917,0.16549,0.58712,-0.8432,0.66227,-0.57254,-0.58236,,,,,,,,,,,,,,,,,,,,,,,,
155,20166aho,Arroyo Hondo,aho,6,2016,3,7/13/16,Gaviota,0.00,0.00,0.00,0.00,0,0,0,00,0,0,4,1,HO00,0.0000,0.0109,0.6938,0.0001,0.0046,0.9438,0,0,,75,34.489907,-120.143013,11.86,11.86,92.6,1.17,0.85,0.03,17,2.3,2.8,1008,53,95,0,378,27,351,13,0,27,0,96,0,15,111,139,0,73,212,10,18,14,30,334,96,0,20,33,227,0,15,6,188,184,343,35,132,106,140,5,368,5,360,25,6,27,272,79,354,24,0,0,262,116,16,0.72,11.1,4.2918,16.4550,-0.51633,0.53868,-0.26059,0.11388,-0.12463,-0.4311,,,,,,,,,,,,,,,,,,,,,,,,
170,20176aho,Arroyo Hondo,aho,6,2017,3,6/23/17,Gaviota,0.00,0.00,0.00,0.00,0,0,1,01,1,1,4,1,HO00,0.0093,0.1220,12.0346,0.0031,0.1583,6.3847,0,0,,75,34.489907,-120.143013,12.86,12.86,85.8,1.40,0.85,0.116,19,8,7,899,23,222,0,915,1,914,11,0,1,0,746,0,145,891,3,8,1,12,10,1,170,88,656,746,1,0,11,25,0,143,4,208,702,753,161,708,202,4,110,800,4,787,3,136,1,902,12,725,162,28,2,904,9,21,0.39,8.5,4.4074,15.8568,-0.19989,-0.62374,-0.87498,-0.48755,-1.04984,0.21431,,,,,,,,,,,,,,,,,,,,,,,,
191,20186aho,Arroyo Hondo,aho,6,2018,3,6/21/18,Gaviota,0.00,0.00,0.00,0.00,0,0,1,01,1,1,4,1,HO00,0.0000,0.0099,1.2148,0.0003,0.0155,2.9625,0,0,,75,34.489907,-120.143013,13.86,13.86,91,1.62,0.85,0.02,17,8,8,900,36,161,0,386,6,380,2,0,6,0,293,0,24,317,19,31,0,50,12,1,174,140,57,280,0,1,32,51,0,24,3,214,154,262,109,191,164,16,25,271,75,313,9,66,6,356,24,198,170,18,0,360,26,25,0.71,15.4,1.5342,16.8477,0.21554,-0.8375,-0.35501,0.01685,-0.72357,0.98626,,,,,,,,,,,,,,,,,,,,,,,,
210,20206aho,Arroyo Hondo,aho,6,2020,3,6/26/20,Gaviota,0.00,0.00,0.00,0.00,0,0,1,01,1,1,4,1,HO00,0.0017,0.0340,2.0954,0.0312,0.0535,1.4743,0,0,,75,34.489907,-120.143013,15.86,15.86,93,1.20,0.87,0.02,18.8,9,7.2,784,86,2,0,242,5,237,0,0,5,0,121,0,92,213,14,10,0,24,0,0,127,80,29,119,0,0,8,25,1,89,5,165,66,131,105,93,131,12,74,134,28,133,6,103,5,222,15,105,114,23,3,225,14,22,0.73,14.5,1.4159,16.8853,0.60153,-0.43272,-0.09894,0.32145,-0.39139,0.99352,,,,,,,,,,,,,,,,,,,,,,,,
27,20096csp,Cold Springs,csp,6,2009,23,6/26/09,Tea,0.00,0.46,0.01,0.08,1,1,1,11,11,2,2,1,RS02,0.0096,0.0199,0.5267,0.0088,0.0133,0.1337,0,0,,234,34.456563,-119.653326,0.58,0.08,94.5,0.6,0.4,,14.9,5.5,,708,,,,542,15,527,24,5,10,0,210,0,259,469,40,9,6,55,2,1,326,36,180,207,0,1,41,59,1,257,10,363,169,263,279,173,333,36,265,269,8,268,16,282,15,505,22,213,326,3,7,513,22,23,0.56,12.0,2.0000,15.8096,0.33063,-0.28751,-0.24141,,,,7.22,6.2,41.8,2.7,11.2,1.689,1.472,8.337,15.049,28.87,9.97,0.00,0.01,0.17,0.20,2.4,4.0,2.4,4.0,,,,,
53,20106csp,Cold Springs,csp,6,2010,23,6/17/10,Tea,0.00,0.46,0.01,0.08,1,1,0,10,10,2,2,1,RS02,0.0108,0.0786,2.6051,0.0179,0.0428,2.6051,0,0.21,0.67,234,34.456563,-119.653326,1.36,0.86,92.6,0.2,0.19,0.15,15.1,9.81,,596,,,,158,0,158,40,0,0,0,123,0,16,139,1,8,3,12,1,6,80,75,3,123,6,0,35,24,0,10,3,39,116,139,19,121,35,2,17,137,4,120,0,78,0,140,18,64,33,61,12,135,11,16,0.73,12.3,1.8759,16.9441,-0.05896,-1.02333,0.51715,,,,8.50,2.29,3.33,0.38,1.81,1.016,12.912,1.178,6.847,8.28,6.27,0.082,0.128,0.09,0.10,40.6,21.0,40.6,21.0,,,,,
67,20116csp,Cold Springs,csp,6,2011,23,6/25/11,Tea,0.00,0.46,0.01,0.08,1,1,0,10,10,2,2,1,RS02,0.0125,0.2040,17.2166,0.0179,0.0611,1.5659,0,0,1.67,234,34.456563,-119.653326,2.36,1.86,86.6,1.1,0.79,0.05,17.2,9.24,,525,,,,351,0,351,7,0,0,0,207,1,111,319,7,4,21,32,0,0,188,134,29,206,0,0,2,40,0,110,3,168,180,238,113,165,177,9,113,224,14,113,2,243,0,326,25,64,158,129,3,323,25,18,0.66,11.0,1.3579,16.3861,0.64169,-0.61298,0.38476,,,,,,,,,,,,,,,,,,,,,,,,,,,
85,20126csp,Cold Springs,csp,6,2012,23,6/26/12,Tea,0.00,0.46,0.01,0.08,1,1,0,10,10,2,2,1,RS02,0.0031,0.0130,0.2642,0.0007,0.0058,0.0363,0,0,2.67,234,34.456563,-119.653326,3.36,2.86,90.4,1.1,0.58,0.01,15.7,1.6,,336,,,,521,8,513,1,3,5,0,61,0,264,325,100,6,81,187,0,1,323,25,173,60,0,0,8,194,2,258,16,418,87,235,286,12,408,101,263,254,4,234,15,273,8,411,102,194,327,0,10,419,92,23,0.53,10.1,1.4096,15.7360,0.62635,0.29021,0.27342,,,,,,,,,,,,,,,,,,,,,,,,,,,
106,20136csp,Cold Springs,csp,6,2013,23,6/3/13,Tea,0.00,0.46,0.01,0.08,1,1,0,10,10,2,2,1,RS02,0.0020,0.0125,0.2206,0.0006,0.0040,0.0147,0,0.38,0.5,234,34.456563,-119.653326,4.36,3.86,90.5,0.95,0.50,0.01,14.8,2.24,3,735,100,0,0,592,42,550,68,2,40,0,269,0,9,278,198,13,59,269,0,2.5,232,28,333,254.2,0,3,123,266,5,9,8,466,118,570,21.7,101.7,278.3,211.7,13,565,14,575,45,40,42,475,75,343,248,0,2,476,114,15,0.68,10.4,1.8679,15.6662,-0.2969,0.22822,0.54318,0.13529,0.60557,-0.09384,,,,,,,,,,,,,,,,,,,,,,,,
127,20146csp,Cold Springs,csp,6,2014,23,6/22/14,Tea,0.00,0.46,0.01,0.08,,,,,,,,0,RS02,0.0014,0.0064,0.3993,0.0000,0.0021,0.2040,1,0.38,0,234,34.456563,-119.653326,5.36,4.86,,0.00,0.00,,,,,,,,,,,,,,,,,,,,,,,,,,,,,,,,,,,,,,,,,,,,,,,,,,,,,,,,,,,,,,,,,,,,,,,,,,,,,,,,,,,,,,,,,,,,,
142,20156csp,Cold Springs,csp,6,2015,23,7/7/15,Tea,0.00,0.46,0.01,0.08,1,1,0,10,10,2,2,1,RS02,0.0011,0.0118,1.7528,0.0000,0.0004,0.0252,2,0.62,0,234,34.456563,-119.653326,6.44,5.94,86.2,0.75,0.50,0.04,17,5,3,837,146,0,0,490,158,332,35,6,152,0,40,0,6,46,200,4,74,278,0,8,1,47,409,42,0,132,63,282,0,6,31,289,137,415,42,197,81,179,1,448,8,485,28,12,158,198,134,483,7,0,6,376,108,18,0.73,10.9,3.5005,18.1750,-0.59825,0.62943,0.1414,0.30578,0.15675,-0.47203,,,,,,,,,,,,,,,,,,,,,,,,
157,20166csp,Cold Springs,csp,6,2016,23,7/14/16,Tea,0.00,0.46,0.01,0.08,,,,,,,,0,RS02,0.0000,0.0108,0.6938,0.0000,0.0001,0.0059,3,0.67,0,234,34.456563,-119.653326,7.44,6.94,,0.00,0.00,,,,,,,,,,,,,,,,,,,,,,,,,,,,,,,,,,,,,,,,,,,,,,,,,,,,,,,,,,,,,,,,,,,,,,,,,,,,,,,,,,,,,,,,,,,,,
173,20176csp,Cold Springs,csp,6,2017,23,6/30/17,Tea,0.00,0.46,0.01,0.08,1,1,0,10,10,2,2,1,RS02,0.0059,0.1190,12.0346,0.0013,0.0145,1.4943,0,0.5,0.5,234,34.456563,-119.653326,8.44,7.94,64.9,0.99,0.64,0.016,18,7,7,776,130,1985,0,925,0,925,187,0,0,0,483,0,100,583,57,183,101,341,0,1,110,188,613,483,0,1,118,409,1,100,6.5,327,578,791,120.5,647.5,208,56,260,646,5,1008,2,102,0,626,299,818,99,7.875,0,640,285,24,0.62,11.0,3.8361,16.0049,-0.62613,-0.32861,-0.43118,-0.58941,-0.42929,0.07713,,,,,,,,,,,,,,,,,,,,,,,,
193,20186csp,Cold Springs,csp,6,2018,23,6/16/18,Thomas,0.00,1.00,0.78,0.88,3,3,0,30,30,8,1,1,Carpinteria,0.0000,0.0101,1.2148,0.0102,0.0921,11.0436,0,0.25,0.52,234,34.456563,-119.653326,0.50,0.50,15,0.44,0.30,0.07,18,9,8,700,55,1390,0,1463,0,1463,179,0,0,0,1105,0,2,1107,41,189,1,231,0,125,6,449,939,1234,0,0,179,225,1,1,23.8,270,1106,1200,193.8,1288,71,40,97,1141,162,1284,74,284,0,1238,225,1254,2,207,1,1147,315,24,0.55,11.0,6.4867,20.4366,-1.15585,-0.79276,-0.47556,-1.26056,-0.55562,-0.02532,,,,,,,,,,,,,,,,,,,,,,,,
213,20206csp,Cold Springs,csp,6,2020,23,6/9/20,Thomas,0.00,1.00,0.78,0.88,3,3,0,30,30,8,2,1,Carpinteria,0.0048,0.0361,2.0954,0.0085,0.0491,3.1432,0,0,2.52,234,34.456563,-119.653326,2.50,2.50,20,0.64,0.47,0.04,17.4,11,8.2,568,4,1560,0,803,0,803,154,0,0,0,748,0,0,748,1,23.84,11,35.84,0,20,64,693,32,748.6,19,0,154,33.84,2,0,2.12,25,770,783,6,784,4,9,13,410,374,261,10,687,0,749,54.84,126,0,678,19,749,36,17,0.56,8.4,3.4030,19.8199,-0.71678,-1.20856,0.71419,-1.41588,0.47533,0.82318,,,,,,,,,,,,,,,,,,,,,,,,
28,20096ecm,El Capitan usual,ecm,6,2009,8,6/22/09,,0.00,0.00,0.00,0.00,0,0,0,00,0,0,4,1,HO00,0.0037,0.0201,0.5267,0.0005,0.0050,0.1461,0,0,,124,34.482938,-120.017658,53.75,53.75,71.2,0.3,0.22,,15.3,2.9,,706,,,,445,172,273,18,0,172,0,20,0,78,98,17,8,132,157,18,0,44,66,331,20,0,0,193,175,2,73,2,123,316,339,102,188,238,15,35,401,5,245,178,40,172,131,142,381,64,0,5,128,312,17,0.71,12.1,2.4836,16.0644,0.12647,0.78276,-0.61441,,,,6.94,8.3,8.6,1.0,2.7,0.707,1.530,3.970,6.677,14.48,6.55,0.00,0.00,0.09,0.17,0.0,0.0,0.0,0.0,,,,,
54,20106ecm,El Capitan usual,ecm,6,2010,8,6/22/10,,0.00,0.00,0.00,0.00,0,0,0,00,0,0,4,1,HO00,0.0139,0.0773,2.6051,0.0003,0.0675,2.6950,0,0.21,0.67,124,34.482938,-120.017658,54.53,54.53,51.4,0.6,0.41,0.00,13.9,9.95,,536,,,,427,8,419,11,0,8,0,166,0,73,239,12,11,156,179,0,1,99,89,238,165,1,0,23,181,0,68,1,112,313,352,74,169,243,14,77,343,6,275,10,153,8,251,168,261,89,77,6,246,175,20,0.75,13.5,2.3488,16.0687,0.03063,-0.54507,-0.26845,,,,8.13,2.05,4.34,0.53,1.42,1.315,0.974,1.624,6.561,9.79,12.87,0.080,0.044,0.16,0.24,46.4,14.8,46.4,14.8,,,,,
68,20116ecm,El Capitan usual,ecm,6,2011,8,6/24/11,,0.00,0.00,0.00,0.00,0,0,0,00,0,0,4,1,HO00,0.0127,0.2047,17.2166,0.0069,0.1338,9.1355,0,0,1.67,124,34.482938,-120.017658,55.53,55.53,59.5,0.6,0.50,0.03,18,9.93,,525,,,,350,0,350,2,0,0,0,102,0,70,172,4,15,152,171,7,0,88,100,159,96,0,0,13,172,4,67,4,115,228,262,85,94,249,4,69,274,4,193,8,151,0,182,168,175,100,75,3,182,165,20,0.66,12.5,2.4946,16.2331,0.61434,-0.42317,0.7335,,,,,,,,,,,,,,,,,,,,,,,,,,,
87,20126ecm,El Capitan usual,ecm,6,2012,8,6/25/12,,0.00,0.00,0.00,0.00,0,0,0,00,0,0,4,1,HO00,0.0054,0.0131,0.2642,0.0003,0.0029,0.0730,0,0,2.67,124,34.482938,-120.017658,56.53,56.53,59.1,0.4,0.37,0.02,20.95,9.25,,330,,,,601,4,597,0,0,4,0,66,3,115,184,87,18,303,408,5,0,153,61,382,63,0,0,32,406,0,100,11,270,315,454,142,43,474,79,88,484,24,457,10,134,4,277,320,447,154,0,13,275,313,26,0.65,14.3,2.8707,16.0473,0.38961,0.70565,0.0084,,,,,,,,,,,,,,,,,,,,,,,,,,,
108,20136ecm,El Capitan usual,ecm,6,2013,8,6/5/13,,0.00,0.00,0.00,0.00,,,,,,,,0,HO00,0.0017,0.0125,0.2206,0.0001,0.0101,0.2632,1,0.38,0,124,34.482938,-120.017658,57.53,57.53,,0.0,0.00,,,,,,,,,,,,,,,,,,,,,,,,,,,,,,,,,,,,,,,,,,,,,,,,,,,,,,,,,,,,,,,,,,,,,,,,,,,,,,,,,,,,,,,,,,,,,
128,20146ecm,El Capitan usual,ecm,6,2014,8,6/29/14,,0.00,0.00,0.00,0.00,,,,,,,,0,HO00,0.0011,0.0063,0.3993,0.0000,0.0044,0.5242,2,0.38,0,124,34.482938,-120.017658,58.53,58.53,,0.0,0.00,,,,,,,,,,,,,,,,,,,,,,,,,,,,,,,,,,,,,,,,,,,,,,,,,,,,,,,,,,,,,,,,,,,,,,,,,,,,,,,,,,,,,,,,,,,,,
143,20156ecm,El Capitan usual,ecm,6,2015,8,7/1/15,,0.00,0.00,0.00,0.00,,,,,,,,0,HO00,0.0014,0.0120,1.7528,0.0001,0.0014,0.1879,3,0.62,0,124,34.482938,-120.017658,59.53,59.53,,0.0,0.00,,,,,,,,,,,,,,,,,,,,,,,,,,,,,,,,,,,,,,,,,,,,,,,,,,,,,,,,,,,,,,,,,,,,,,,,,,,,,,,,,,,,,,,,,,,,,
158,20166ecm,El Capitan usual,ecm,6,2016,8,7/13/16,,0.00,0.00,0.00,0.00,,,,,,,,0,HO00,0.0000,0.0109,0.6938,0.0001,0.0046,0.9438,4,0.67,0,124,34.482938,-120.017658,0.00,0.00,,0.0,0.00,,,,,,,,,,,,,,,,,,,,,,,,,,,,,,,,,,,,,,,,,,,,,,,,,,,,,,,,,,,,,,,,,,,,,,,,,,,,,,,,,,,,,,,,,,,,,
174,20176ecm,El Capitan usual,ecm,6,2017,8,6/21/17,Sherpa,1.00,1.00,0.78,0.93,3,3,0,30,30,7,1,1,Refugio,0.0079,0.1229,12.0346,0.6889,1.7343,43.2381,0,0.5,0.5,124,34.482938,-120.017658,1.08,1.08,20.1,0.58,0.40,0.092,21,8,7,778,27,15075,0,5230,0,5230,4,0,0,0,5076,0,10,5086,38,26,47,111,0,33,20,167,5030,5079,2,31,4,109,0,9,2,113,5102,5169,48,5102,81,34,8,5076,133,5086,6,142,0,5123,107,5074,18,138,2,5124,104,22,0.12,4.3,2.0326,20.9239,-1.10046,-0.70151,-1.1657,-1.14186,-1.20661,-0.27376,,,,,,,,,,,,,,,,,,,,,,,,
194,20186ecm,El Capitan usual,ecm,6,2018,8,6/20/18,Sherpa,1.00,1.00,0.78,0.93,3,3,0,30,30,7,1,1,Carpinteria,0.0000,0.0099,1.2148,0.0082,0.0909,11.0436,0,0,1.5,124,34.482938,-120.017658,2.08,2.08,21,0.29,0.23,0.054,22,9,8,766,37,1115,0,1519,0,1519,101,0,0,0,843,0,5,848,68,52,4,124,1,546,10,1332,150,1112,269,0,101,133,0,5,5,382,1097,1175,317,1407,16,69,23,1363,98,313,38,1268,0,1165,354,493,8,1018,269,917,333,26,0.62,12.3,3.3914,17.6387,-0.65021,-1.32635,0.45155,-1.1927,-0.08521,1.02738,,,,,,,,,,,,,,,,,,,,,,,,
214,20206ecm,El Capitan usual,ecm,6,2020,8,7/1/20,Sherpa,1.00,1.00,0.78,0.93,3,3,0,30,30,7,2,1,Carpinteria,0.0017,0.0334,2.0954,0.0062,0.0458,3.1432,0,0,3.5,124,34.482938,-120.017658,4.08,4.08,28,0.70,0.38,0.025,18.0,9,7,582,9,960,0,1677,0,1677,208,0,0,0,1520,0,46,1566,9,25,61,95,0,16,42,1505,129,1529,7,0,209,95,1,44,12,138,1525,1597,79,1547,110,19,52,312,1311,377,13,1495,0,1579,98,206,45,1426,5,1575,97,25,0.40,8.5,3.1734,21.3581,-0.77471,-0.96328,0.85895,-1.0889,0.47554,0.96856,,,,,,,,,,,,,,,,,,,,,,,,
88,20126gob,Gobernador,gob,6,2012,27,7/18/12,,0.00,0.00,0.00,0.00,0,0,1,01,1,1,4,1,RS02,0.0014,0.0122,0.2642,0.0010,0.0055,0.0363,0,0,,134,34.410467,-119.462283,94.78,26.78,94.1,0.8,0.64,0.01,16.6,3.5,,708,,,,387,2,385,0,0,2,0,84,0,266,350,10,9,2,21,13,1,250,124,12,82,0,1,8,34,0,262,9,366,11,97,289,23,351,12,181,203,2,196,2,189,2,368,17,120,266,1,3,373,11,19,0.55,10.2,1.1067,15.6171,1.00035,-0.03898,-0.29134,,,,,,,,,,,,,,,,,,,,,,,,,,,
109,20136gob,Gobernador,gob,6,2013,27,6/11/13,,0.00,0.00,0.00,0.00,0,0,1,01,1,1,4,1,RS02,0.0017,0.0122,0.2206,0.0006,0.0039,0.0147,0,0.02,0.79,134,34.410467,-119.462283,95.78,27.78,95.3,0.81,0.53,0.01,15.9,4,4,736,138,0,0,2185,1522,663,4,1,1521,0,39,0,153,192,117,3,2,122,13,336,105,147,1933,39,0,1851,7,138,1,153,46,2111,28,1956,229,1893,173,119,97,2063,25,2077,13,99,1522,607,56,2068,117,0,1,1838,346,22,0.55,9.6,5.9416,18.0862,0.4201,0.58341,-0.77679,1.16642,-0.98156,-0.38721,,,,,,,,,,,,,,,,,,,,,,,,
129,20146gob,Gobernador,gob,6,2014,27,6/23/14,,0.00,0.00,0.00,0.00,0,0,1,01,1,1,4,1,RS02,0.0014,0.0064,0.3993,0.0000,0.0021,0.2040,0,0.02,0.71,134,34.410467,-119.462283,96.78,28.78,95.4,0.80,0.65,0.04,14.9,2.5,7,872,38,52,0,212,23,189,9,0,23,0,19,0,10,29,78,0,3,81,0,79,5,18,189,19,0,98,4,90,0,10,8,184,20,194,18,116,17,79,0,211,1,216,4,1,23,178,11,207,5,0,0,126,86,11,0.68,8.8,2.8810,17.8143,-0.49093,0.94677,-0.46352,0.45685,-0.10931,-0.85514,,,,,,,,,,,,,,,,,,,,,,,,
144,20156gob,Gobernador,gob,6,2015,27,7/9/15,,0.00,0.00,0.00,0.00,0,0,0,00,0,0,4,1,RS02,0.0020,0.0117,1.7528,0.0000,0.0004,0.0252,0,0,1.71,134,34.410467,-119.462283,97.86,29.86,96.4,0.80,0.55,0.01,16,4,3.6,934,130,2,0,419,24,395,14,0,24,0,200,0,25,225,111,1,4,116,0,54,10,25,383,201,0,73,14,120,0,25,6,205,207,385,33,278,29,111,8,408,2,419,5,9,24,383,12,410,9,0,0,355,64,17,0.57,9.2,3.0973,17.7559,-0.7474,0.14128,-0.64426,-0.20788,-0.49401,-0.441,,,,,,,,,,,,,,,,,,,,,,,,
159,20166gob,Gobernador,gob,6,2016,27,7/16/16,,0.00,0.00,0.00,0.00,,,,,,,,0,RS02,0.0000,0.0108,0.6938,0.0000,0.0001,0.0059,1,0.34,0,134,34.410467,-119.462283,98.86,30.86,,0.00,0.00,,,,,,,,,,,,,,,,,,,,,,,,,,,,,,,,,,,,,,,,,,,,,,,,,,,,,,,,,,,,,,,,,,,,,,,,,,,,,,,,,,,,,,,,,,,,,
175,20176gob,Gobernador,gob,6,2017,27,6/22/17,,0.00,0.00,0.00,0.00,0,0,0,00,0,8,4,1,RS02,0.0082,0.1224,12.0346,0.0010,0.0149,1.4943,0,0.56,0.46,134,34.410467,-119.462283,99.86,31.86,90.5,0.82,0.65,0.012,18,8,7,741,36,311,0,376,3,373,24,0,3,0,26,0,17,43,224,74,32,330,0,0,21,81,274,26,0,0,14,342,1,17,6,317,53,352,24,94,58,224,85,290,1,382,5,13,3,262,111,355,21,0,0,267,109,14,0.59,10.1,4.5994,16.0840,-0.32654,0.76596,0.56074,0.33812,0.435,-0.70677,,,,,,,,,,,,,,,,,,,,,,,,
195,20186gob,Gobernador,gob,6,2018,27,6/12/18,Thomas,0.88,1.00,0.91,1.00,3,3,0,30,30,8,1,1,Carpinteria,0.0008,0.0102,1.2148,0.0074,0.0934,11.0436,0,0.08,0.46,134,34.410467,-119.462283,0.50,0.50,21,0.37,0.32,0.11,27,8,8,770,4,365,0,231,0,231,4,0,0,0,200,0,0,200,16,12,1,29,0,2,4,137,88,201,2,0,4,27,1,0,2,25,202,210,19,212,0,17,6,193,30,105,1,129,0,200,31,103,0,128,2,216,13,13,0.62,9.3,2.7337,18.1922,-0.85433,-1.2737,-0.25252,-1.38521,-0.69356,0.40554,,,,,,,,,,,,,,,,,,,,,,,,
89,20126myg,Maria Ygnacio,myg,6,2012,11,7/20/12,,0.00,0.00,0.00,0.00,0,0,1,01,1,1,4,1,San Jose,0.0014,0.0122,0.2642,0.0014,0.0122,0.2642,0,0,,116,34.476801,-119.790505,21.78,21.78,78.5,1.5,1.07,0.11,20.9,8.28,,803,,,,326,41,285,0,3,38,0,28,0,212,240,13,27,0,40,5,0,48,216,62,28,0,0,55,28,4,211,25,232,69,77,249,93,222,11,47,276,3,220,45,61,41,263,22,262,63,1,4,259,63,19,0.59,11.9,1.1987,17.4459,0.37277,0.08408,-1.02338,,,,,,,,,,,,,,,,,,,,,,,,,,,
111,20136myg,Maria Ygnacio,myg,6,2013,11,6/13/13,,0.00,0.00,0.00,0.00,0,0,1,01,1,1,4,1,San Jose,0.0023,0.0121,0.2206,0.0023,0.0121,0.2206,0,0,,116,34.476801,-119.790505,22.78,22.78,79.9,1.28,1.02,0.07,19.1,4.8,7,793,56,182,0,555,88,467,0,0,88,0,178,0,223,401,42,18,0,60,5,1,70,229,255,178,0,4,91,56,4,222,32,278,244,281,273,283,234,37,70,457,27,387,91,77,88,427,40,477,78,0,1,450,104,20,0.64,10.3,2.0239,18.4652,-0.06472,-0.04292,-0.90211,-0.12949,-0.79277,0.31393,,,,,,,,,,,,,,,,,,,,,,,,
130,20146myg,Maria Ygnacio,myg,6,2014,11,6/27/14,,0.00,0.00,0.00,0.00,0,0,1,01,1,1,4,1,San Jose,0.0011,0.0063,0.3993,0.0011,0.0063,0.3993,0,0,,116,34.476801,-119.790505,23.78,23.78,75.0,1.40,0.99,0.08,18.7,7.75,7,835,22,0,0,370,15,355,0,1,14,0,230,0,83,313,25,8,0,33,9,0,29,96,243,230,0,0,16,40,1,83,9,125,234,252,116,252,104,12,31,319,18,319,15,36,15,341,14,331,39,0,1,347,22,20,0.51,10.5,2.6479,18.3413,-0.30987,-0.26364,-1.01568,-0.35687,-0.98435,0.07914,,,,,,,,,,,,,,,,,,,,,,,,
145,20156myg,Maria Ygnacio,myg,6,2015,11,7/3/15,,0.00,0.00,0.00,0.00,0,0,1,01,1,1,4,1,San Jose,0.0014,0.0120,1.7528,0.0014,0.0120,1.7528,0,0,,116,34.476801,-119.790505,24.86,24.86,80.9,1.30,1.19,0.09,19,8,8,843,33,228,0,704,17,687,4,0,17,0,406,0,197,603,46,10,0,56,21,7,62,191,449,406,0,8,24,70,5,195,15,268,419,438,264,440,232,30,61,624,17,622,22,64,17,661,26,621,82,1,2,669,33,23,0.51,10.5,3.6645,17.2670,-0.28188,-0.23171,-1.01659,-0.31357,-0.9767,0.06173,,,,,,,,,,,,,,,,,,,,,,,,
160,20166myg,Maria Ygnacio,myg,6,2016,11,7/26/16,,0.00,0.00,0.00,0.00,0,0,1,01,1,1,4,1,San Jose,0.0000,0.0104,0.6938,0.0000,0.0104,0.6938,0,0,,116,34.476801,-119.790505,25.86,25.86,79.1,1.45,1.22,0.10,20,2.6,8,874,9,22,0,332,24,308,0,0,24,0,151,0,83,234,59,2,0,61,9,4,20,102,206,151,0,4,25,69,0,83,15,138,175,194,134,181,110,37,21,293,14,282,24,26,24,289,19,302,30,0,0,302,30,14,0.70,10.5,1.4623,18.4322,-0.31473,-0.01066,-0.87666,-0.18168,-0.77014,0.00053,,,,,,,,,,,,,,,,,,,,,,,,
177,20176myg,Maria Ygnacio,myg,6,2017,11,6/19/17,,0.00,0.00,0.00,0.00,0,0,1,01,1,1,4,1,San Jose,0.0076,0.1237,12.0346,0.0076,0.1237,12.0346,0,0,,116,34.476801,-119.790505,26.86,26.86,68.1,1.25,1.00,0.084,21,9,7,798,31,37,0,250,22,228,3,1,21,0,102,0,66,168,17,15,2,34,26,0,70,87,86,102,0,0,25,59,2,65,4,115,124,134,109,130,99,14,29,203,11,198,23,32,22,208,20,195,54,1,2,210,38,25,0.73,14.7,0.2853,17.8069,-0.04298,-0.33165,-0.65728,-0.10655,-0.67997,0.40908,,,,,,,,,,,,,,,,,,,,,,,,
197,20186myg,Maria Ygnacio,myg,6,2018,11,6/17/18,,0.00,0.00,0.00,0.00,0,0,1,01,1,1,4,1,San Jose,0.0000,0.0100,1.2148,0.0000,0.0100,1.2148,0,0,,116,34.476801,-119.790505,27.86,27.86,67,1.22,0.99,0.08,17,9,8,768,32,2,0,327,31,296,2,5,26,0,48,0,163,211,60,21,0,81,4,0,133,95,97,48,0,0,39,78,1,163,21,232,72,111,214,93,189,43,138,162,25,138,33,158,31,272,24,176,150,1,5,275,47,24,0.68,14.3,0.9218,16.9675,0.39571,0.0486,-0.37706,0.20416,-0.26092,0.61011,,,,,,,,,,,,,,,,,,,,,,,,
215,20206myg,Maria Ygnacio,myg,6,2020,11,7/2/20,Cave,0.00,0.00,0.18,0.25,0,0,1,01,1,1,4,1,San Jose,0.0017,0.0333,2.0954,0.0017,0.0333,2.0954,0,0,,116,34.476801,-119.790505,29.86,29.86,78,1.20,0.86,0.07,17.2,8,7,677,37,417,6,290,23,267,1,0,23,0,131,0,25,156,90,17,1,108,1,2,73,63,152,133,0,0,34,99,0,25,14,123,151,202,86,169,60,59,7,267,14,250,24,17,23,254,13,272,14,4,0,247,43,22,0.72,12.6,2.3767,18.8386,-0.37457,-0.30349,-0.52972,0.00687,-0.59264,-0.33743,,,,,,,,,,,,,,,,,,,,,,,,
29,20096mrn,Mission at Rocky Nook,mrn,6,2009,18,6/18/09,Tea,0.00,0.00,0.02,0.10,1,1,1,11,11,4,1,1,Mission,0.0025,0.0204,0.5267,0.0031,0.0115,0.3341,0,0,,129,34.443747,-119.709493,92.00,92.00,95.8,0.7,0.458,,18.1,8.2,,1117,,,,472,59,413,1,4,55,0,71,0,309,380,18,13,0,31,2,0,109,294,69,70,0,0,64,31,1,307,5,359,108,154,318,118,337,17,45,426,1,362,56,55,59,402,11,402,70,0,6,405,61,18,0.57,10.8,2.2091,16.8019,0.5969,-0.16837,-0.93955,,,,8.24,2.8,22.3,1.0,5.1,1.191,3.898,3.681,16.132,45.11,17.58,0.02,0.02,0.22,0.32,2.6,0.0,2.6,0.0,,,,,
55,20106mrn,Mission at Rocky Nook,mrn,6,2010,18,6/18/10,Jesusita,0.00,0.00,0.59,0.73,1,1,0,10,10,5,1,1,Mission,0.0096,0.0783,2.6051,0.0068,0.1084,5.0121,0,0,,129,34.443747,-119.709493,92.78,0.86,94.3,0.6,0.34,0.13,18.7,10.75,,927,,,,309,0,309,41,0,0,0,120,0,3,123,141,5,10,156,2,28,32,124,153,120,29,0,43,157,0,1,4,151,154,300,9,150,16,143,2,304,3,230,1,119,0,265,44,189,7,113,29,266,14,18,0.61,9.8,3.3675,17.2025,-0.49064,-0.25709,0.86547,,,,8.59,1.61,1.15,0.32,0.48,0.693,0.909,1.619,12.451,18.69,17.25,0.042,0.064,0.17,0.22,26.0,11.2,26.0,11.2,,,,,
70,20116mrn,Mission at Rocky Nook,mrn,6,2011,18,6/23/11,Jesusita,0.00,0.00,0.59,0.73,1,1,0,10,10,5,2,1,Mission,0.0127,0.2054,17.2166,0.0210,0.2060,11.0436,0,0,,129,34.443747,-119.709493,93.78,1.86,94.6,0.8,0.56,0.07,15.6,10.45,,346,,,,918,4,914,8,0,4,0,845,4,27,876,14,14,8,36,0,2,346,534,38,844,3,0,13,27,9,30,7,53,858,879,39,868,36,14,18,818,82,372,20,534,4,889,25,382,18,518,6,886,26,18,0.47,8.2,3.5744,17.7657,-0.03705,-1.55017,0.31883,,,,,,,,,,,,,,,,,,,,,,,,,,,
110,20136mrn,Mission at Rocky Nook,mrn,6,2013,18,6/4/13,Jesusita,0.00,0.00,0.59,0.73,1,1,0,10,10,5,2,1,Mission,0.0017,0.0125,0.2206,0.0006,0.0030,0.0317,0,0,,129,34.443747,-119.709493,95.78,3.86,94.7,0.63,0.38,0.03,16.3,6.9,7,954,158,0,0,663,233,430,1,39,194,0,12,0,56,68,182,5,154,341,17,4,12,131,519,12,0,110,90,392,3,57,16,363,283,565,97,205,275,182,4,654,4,528,90,46,233,257,173,595,68,0,39,376,248,18,0.71,10.3,4.4312,17.3171,-0.1429,0.93282,0.0316,0.73617,0.14072,-0.3975,,,,,,,,,,,,,,,,,,,,,,,,
176,20176mrn,Mission at Rocky Nook,mrn,6,2017,18,6/15/17,Jesusita,0.00,0.00,0.59,0.73,1,1,0,10,10,5,3,1,Mission,0.0068,0.1255,12.0346,0.0031,0.0969,9.8542,0,0,,129,34.443747,-119.709493,99.86,7.94,86.1,0.57,0.48,0.024,21,11,8,1119,28,621,0,543,15,528,299,1,13,1,64,0,13,77,351,4,94,449,2,0,1,21,520,64,0,2,310,450,2,13,4,369,169,520,22,81,109,352,2,538,2,825,13,3,15,427,101,538,4,1,1,433,109,18,0.51,6.8,4.1132,18.6750,-0.76228,0.4484,0.45579,-0.162,0.56458,-0.38972,,,,,,,,,,,,,,,,,,,,,,,,
196,20186mrn,Mission at Rocky Nook,mrn,6,2018,18,6/15/18,Jesusita,0.00,0.00,0.59,0.73,1,1,0,10,10,5,3,1,Mission,0.0000,0.0101,1.2148,0.0003,0.0095,0.9231,0,0.17,0.67,129,34.443747,-119.709493,100.86,8.94,91,0.61,0.42,0.018,17,6,6.2,852,31,2,0,401,56,345,58,14,32,10,3,0,11,14,153,16,155,324,0,7,3,29,359,13,0,12,87,324,12,11,1,202,188,367,24,56,173,162,3,379,9,384,49,26,56,175,170,374,17,10,14,184,203,17,0.64,10.6,2.8389,17.0863,-0.49692,0.75319,0.35601,0.19505,0.61814,-0.42004,,,,,,,,,,,,,,,,,,,,,,,,
26,20096bgu,Mission SBBG upper,bgu,6,2009,16,6/18/09,Jesusita,0.92,1.00,0.76,0.85,2,2,0,20,20,3,1,1,Mission ,0.0025,0.0204,0.5267,0.0031,0.0115,0.3341,0,0,,232,34.460483,-119.710120,0.08,0.08,79.6,0.6,0.356,,16.2,8.33,,988,,,,787,42,745,0,1,41,0,103,0,378,481,96,118,47,261,1,2,321,299,163,101,0,0,127,174,7,377,14,620,153,352,432,229,482,76,275,468,44,343,55,388,42,657,88,465,300,22,3,649,135,29,0.70,15.7,2.1137,16.8661,0.56558,0.02033,-0.19343,,,,8.25,1.2,63.9,0.3,16.0,0.947,2.003,9.419,33.996,32.70,12.94,0.02,0.03,0.16,0.18,0.0,0.0,0.0,0.0,,,,,
52,20106bgu,Mission SBBG upper,bgu,6,2010,16,6/18/10,Jesusita,0.92,1.00,0.76,0.85,2,2,0,20,20,3,1,1,Mission ,0.0096,0.0783,2.6051,0.0068,0.1084,5.0121,0,0.21,0.67,232,34.460483,-119.710120,0.86,0.86,60.1,0.4,0.28,0.11,18.3,10.64,,953,,,,2049,3,2046,260,1,2,0,1911,0,19,1930,15,70,10,95,0,21,128,270,1633,1921,11,0,267,93,1,16,2,117,1929,1997,34,2002,28,19,65,1976,7,2092,22,195,3,1957,89,1870,6,173,13,1945,91,25,0.37,7.8,5.3404,17.0604,-0.96325,-0.80704,-0.56153,,,,8.17,2.93,1.58,0.82,0.77,1.332,2.339,4.168,23.283,201.02,23.68,0.054,0.034,0.13,0.18,72.0,39.0,72.0,39.0,,,,,
66,20116bgu,Mission SBBG upper,bgu,6,2011,16,6/23/11,Jesusita,0.92,1.00,0.76,0.85,2,2,0,20,20,3,2,1,Mission ,0.0127,0.2054,17.2166,0.0210,0.2060,11.0436,0,0,1.67,232,34.460483,-119.710120,1.86,1.86,60.9,0.9,0.59,0.11,19.2,11.2,,800,,,,875,1,874,299,1,0,0,735,0,26,761,16,35,46,97,0,16,134,570,170,738,13,0,299,83,15,26,2,79,793,828,46,784,72,18,18,465,391,627,17,530,1,780,94,350,2,523,14,777,84,21,0.63,10.8,1.7646,20.8466,-0.75734,-0.86155,0.39614,,,,,,,,,,,,,,,,,,,,,,,,,,,
84,20126bgu,Mission SBBG upper,bgu,6,2012,16,6/21/12,Jesusita,0.92,1.00,0.76,0.85,2,2,0,20,20,3,2,1,Mission ,0.0057,0.0132,0.2642,0.0014,0.0072,0.1642,0,0,2.67,232,34.460483,-119.710120,2.86,2.86,53.6,0.85,0.58,0.11,16.1,8.85,,430,,,,335,9,326,41,7,2,0,16,0,52,68,40,23,195,258,0,0,2,78,249,16,0,0,46,259,4,51,1,108,220,272,57,35,254,40,12,309,8,346,12,18,9,109,217,319,9,7,8,109,218,17,0.67,11.7,2.9506,17.4474,-0.41353,0.78535,-0.09272,,,,,,,,,,,,,,,,,,,,,,,,,,,
105,20136bgu,Mission SBBG upper,bgu,6,2013,16,6/4/13,Jesusita,0.92,1.00,0.76,0.85,2,2,0,20,20,3,2,1,Mission ,0.0017,0.0125,0.2206,0.0006,0.0030,0.0317,0,0,3.67,232,34.460483,-119.710120,3.86,3.86,57.4,0.83,0.52,0.09,16.8,7.8,7,982,16,0,0,1037,49,988,182,4,45,0,126,0,481,607,83,44,224,351,30,0,2,534,491,126,0,0,231,366,18,478,4,628,396,494,533,206,737,85,16,1009,3,1134,72,13,49,720,268,998,39,0,7,719,311,22,0.62,10.4,3.6834,18.8148,-0.49315,0.35674,-0.47745,-0.31443,0.03835,0.2932,,,,,,,,,,,,,,,,,,,,,,,,
126,20146bgu,Mission SBBG upper,bgu,6,2014,16,6/19/14,Jesusita,0.92,1.00,0.76,0.85,2,2,0,20,20,3,3,1,Mission ,0.0017,0.0065,0.3993,0.0006,0.0046,0.6400,0,0,4.67,232,34.460483,-119.710120,4.86,4.86,57.4,0.72,0.55,0.06,16.6,2.29,7,1107,14,0,0,327,2,325,28,0,2,0,93,0,10,103,71,8,141,220,1,1,2,34,287,93,0,1,31,219,1,10,2,85,236,288,35,100,153,70,4,298,21,344,7,4,2,176,149,323,4,0,0,175,152,18,0.59,9.2,2.1777,19.4500,-0.67518,0.48557,-0.17311,-0.14384,-0.03263,-0.42615,,,,,,,,,,,,,,,,,,,,,,,,
141,20156bgu,Mission SBBG upper,bgu,6,2015,16,6/30/15,Jesusita,0.92,1.00,0.76,0.85,2,2,0,20,20,3,3,1,Mission ,0.0011,0.0121,1.7528,0.0006,0.0037,0.4106,0,0,5.67,232,34.460483,-119.710120,5.94,5.94,71.2,0.78,0.52,0.04,20,3,1,1175,5,0,0,427,8,419,65,0,8,0,118,0,17,135,110,28,138,276,3,5,5,56,355,119,0,4,75,272,6,16,6,148,264,354,62,149,164,105,14,378,26,459,26,7,8,250,169,419,8,0,1,248,178,23,0.67,13.1,4.6602,19.2316,-0.63192,0.33472,-0.03536,-0.17227,0.06819,-0.24041,,,,,,,,,,,,,,,,,,,,,,,,
156,20166bgu,Mission SBBG upper,bgu,6,2016,16,7/11/16,Jesusita,0.92,1.00,0.76,0.85,2,2,0,20,20,3,3,1,Mission ,0.0000,0.0110,0.6938,0.0003,0.0036,0.2860,0,0,6.67,232,34.460483,-119.710120,6.94,6.94,66.4,0.78,0.50,0.02,18,3,4.6,1211,21,6,21,1526,22,1504,115,3,19,0,1104,0,40,1144,136,31,187,354,2,4,12,64,1414,1107,0,1,135,359,0,39,4,175,1311,1404,86,1130,250,110,15,1454,21,1577,44,20,22,1273,231,1509,17,0,4,1281,241,25,0.41,8.9,6.9610,18.4176,-0.89142,-0.1005,-0.62057,-0.61515,-0.54744,-0.25112,,,,,,,,,,,,,,,,,,,,,,,,
172,20176bgu,Mission SBBG upper,bgu,6,2017,16,6/15/17,Jesusita,0.92,1.00,0.76,0.85,2,2,0,20,20,3,3,1,Mission ,0.0068,0.1255,12.0346,0.0031,0.0969,9.8542,0,0,7.67,232,34.460483,-119.710120,7.94,7.94,67.8,0.56,0.46,0.07,17,6,6.2,1138,17,3121,0,678,42,636,303,0,42,0,404,0,8,412,145,31,46,222,1,1,4,24,637,405,0,0,345,223,0,8,6,169,490,648,17,460,61,144,14,647,4,921,56,4,42,559,77,673,5,0,0,558,120,18,0.53,8.0,1.1129,19.2180,-0.96991,-0.07451,-0.12898,-0.66685,-0.01269,-0.19149,,,,,,,,,,,,,,,,,,,,,,,,
192,20186bgu,Mission SBBG upper,bgu,6,2018,16,6/22/18,Jesusita,0.92,1.00,0.76,0.85,2,2,0,20,20,3,3,1,Mission ,0.0000,0.0098,1.2148,0.0000,0.0093,0.9231,0,0,8.67,232,34.460483,-119.710120,8.94,8.94,75,0.58,0.46,0.04,17,6,6.8,1106,70,2,0,550,45,505,103,33,12,0,100,0,26,126,130,16,204,350,0,29,5,97,435,100,0,29,115,379,4,26,10,194,334,470,67,142,256,140,2,495,41,575,29,49,45,275,230,510,38,2,33,256,261,19,0.72,11.6,4.5708,16.5400,-0.59282,0.4857,0.06774,-0.07042,0.21489,-0.27364,,,,,,,,,,,,,,,,,,,,,,,,
212,20206bgu,Mission SBBG upper,bgu,6,2020,16,6/24/20,Jesusita,0.92,1.00,0.76,0.85,2,2,0,20,20,3,4,1,Mission ,0.0011,0.0343,2.0954,0.0008,0.0362,2.2483,0,0,10.67,232,34.460483,-119.710120,10.94,10.94,84,0.63,0.44,0.09,17.0,6,6.4,996,56,1,0,448,20,428,54,1,19,0,15,0,81,96,204,21,104,329,0,3,26,92,325,17,0,1,83,317,4,80,15,296,132,331,112,47,196,200,21,409,13,436,27,39,20,307,121,411,36,1,2,299,147,24,0.61,11.9,3.5204,17.8169,-0.27291,0.61104,0.18463,0.28496,0.3537,-0.25795,,,,,,,,,,,,,,,,,,,,,,,,
30,20096ral,Rattlesnake lower,ral,6,2009,21,6/17/09,Jesusita,0.00,1.00,0.58,0.64,1,1,1,11,11,4,1,1,RS02,0.0014,0.0204,0.5267,0.0100,0.0134,0.1337,0,0,,373,34.464474,-119.687972,0.08,0.08,98.2,0.7,0.438,,15.7,8.19,,724,,,,307,1,306,1,0,1,0,110,0,109,219,79,2,2,83,0,4,251,47,9,110,3,0,3,84,0,108,53,163,91,122,185,93,145,69,146,147,14,126,52,130,1,238,68,171,130,6,5,298,4,19,0.65,12.0,0.8318,16.2586,1.03959,-0.47856,-0.06062,,,,7.88,5.9,145.6,4.9,179.9,6.225,30.532,26.201,122.669,6.37,7.86,0.04,0.01,0.15,0.23,5.6,0.0,5.6,0.0,,,,,
56,20106ral,Rattlesnake lower,ral,6,2010,21,6/19/10,Jesusita,0.00,1.00,0.58,0.64,1,1,0,10,10,5,1,1,RS02,0.0102,0.0781,2.6051,0.0068,0.1084,5.0121,0,0,,373,34.464474,-119.687972,0.86,0.86,93.4,0.5,0.34,0.15,16,9.45,,636,,,,188,0,188,1,0,0,0,142,0,3,145,4,9,2,15,0,28,53,127,8,142,28,0,0,17,0,2,2,45,141,183,5,146,38,4,9,175,4,64,2,123,0,149,39,34,34,120,29,148,11,13,0.64,10.0,1.6177,16.7962,0.27038,-1.30653,0.53913,,,,8.41,2.30,1.62,0.16,0.54,0.076,0.146,1.624,14.941,5.77,3.05,0.076,0.062,0.09,0.14,10.0,3.4,10.0,3.4,,,,,
71,20116ral,Rattlesnake lower,ral,6,2011,21,6/27/11,Jesusita,0.00,1.00,0.58,0.64,1,1,0,10,10,5,2,1,RS02,0.0136,0.2026,17.2166,0.0175,0.0607,1.5659,0,0,,373,34.464474,-119.687972,1.86,1.86,94.2,1.0,0.79,0.06,16.5,9.92,,606,,,,361,1,360,3,0,1,0,26,3,257,286,62,4,7,73,0,1,278,13,70,26,1,0,2,75,1,259,4,342,15,101,260,16,282,63,261,99,1,91,7,266,1,348,12,74,279,8,5,345,11,19,0.37,8.3,0.7561,15.7182,0.86374,0.20767,0.47938,,,,,,,,,,,,,,,,,,,,,,,,,,,
90,20126ral,Rattlesnake lower,ral,6,2012,21,6/21/12,Jesusita,0.00,1.00,0.58,0.64,1,1,0,10,10,5,2,1,RS02,0.0057,0.0132,0.2642,0.0007,0.0059,0.0363,0,0,,373,34.464474,-119.687972,2.86,2.86,95.9,1.0,0.69,0.06,14.9,8.74,,320,,,,645,14,631,0,1,13,0,138,0,343,481,65,14,70,149,0,1,404,93,148,118,0,0,43,164,4,316,4,537,104,294,351,73,504,68,309,333,3,234,17,394,14,552,79,171,451,23,29,528,88,19,0.62,11.5,2.1555,15.9656,0.75214,0.1465,0.25347,,,,,,,,,,,,,,,,,,,,,,,,,,,
112,20136ral,Rattlesnake lower,ral,6,2013,21,6/6/13,Jesusita,0.00,1.00,0.58,0.64,1,1,0,10,10,5,2,1,RS02,0.0017,0.0124,0.2206,0.0005,0.0039,0.0147,0,0,,373,34.464474,-119.687972,3.86,3.86,93.5,0.85,0.63,0.05,16.1,6.52,7,766,137,0,0,838,20,818,16,2,18,0,38,0,341,379,262,18,159,439,0,0,362,68,408,33,0,0,45,437,10,329,38,626,174,445,393,41,530,267,331,502,5,464,31,359,20,605,213,457,381,0,14,635,189,16,0.62,9.8,2.7867,15.9618,0.40478,0.43172,0.2843,0.65526,0.43921,0.17526,,,,,,,,,,,,,,,,,,,,,,,,
131,20146ral,Rattlesnake lower,ral,6,2014,21,6/19/14,Jesusita,0.00,1.00,0.58,0.64,1,1,0,10,10,5,3,1,RS02,0.0017,0.0065,0.3993,0.0000,0.0021,0.2040,0,0,,373,34.464474,-119.687972,4.86,4.86,96.1,0.70,0.53,0.074,16.5,2.06,7,867,330,0,0,312,13,299,4,4,9,0,14,0,72,86,87,5,114,206,0,7,85,33,193,14,0,7,11,208,4,72,27,157,127,206,105,21,204,86,72,236,3,223,14,79,13,153,146,223,89,0,4,173,135,15,0.67,10.3,2.5808,15.9450,0.29173,0.64927,0.1788,0.73683,0.39479,0.032,,,,,,,,,,,,,,,,,,,,,,,,
146,20156ral,Rattlesnake lower,ral,6,2015,21,6/30/15,Jesusita,0.00,1.00,0.58,0.64,1,1,0,10,10,5,3,1,RS02,0.0011,0.0121,1.7528,0.0000,0.0004,0.0252,0,0,,373,34.464474,-119.687972,5.94,5.94,94.9,0.68,0.52,0.05,19,4,1,1031,69,19,0,595,9,586,20,5,4,0,12,0,323,335,114,18,101,233,16,2,142,227,225,13,0,1,22,241,16,322,14,471,109,222,372,26,450,118,135,452,7,449,21,145,9,454,132,431,164,0,6,464,125,21,0.65,10.7,3.2143,15.7390,0.28731,0.49459,-0.16572,0.62461,0.06982,0.23381,,,,,,,,,,,,,,,,,,,,,,,,
161,20166ral,Rattlesnake lower,ral,6,2016,21,7/9/16,Jesusita,0.00,1.00,0.58,0.64,1,1,0,10,10,5,3,1,RS02,0.0000,0.0110,0.6938,0.0000,0.0001,0.0059,1,0.34,0.46,373,34.464474,-119.687972,6.94,6.94,95.3,0.50,0.41,0.03,17,2.8,3.6,1023,310,0,0,486,102,384,4,3,99,0,11,0,121,132,115,28,75,218,4,30,120,53,309,13,0,30,102,218,6,121,33,277,172,314,168,152,210,120,113,357,12,253,110,127,102,268,116,359,127,0,3,251,232,21,0.72,12.9,4.0665,17.3502,0.12405,0.52127,0.21611,0.51026,0.39358,0.07275,,,,,,,,,,,,,,,,,,,,,,,,
178,20176ral,Rattlesnake lower,ral,6,2017,21,6/16/17,Jesusita,0.00,1.00,0.58,0.64,1,1,0,10,10,5,3,1,RS02,0.0071,0.1251,12.0346,0.0015,0.0153,1.4943,0,0,1.46,373,34.464474,-119.687972,7.94,7.94,80.7,0.76,0.61,0.06,18,7,8,782,47,2,0,424,24,400,21,0,24,0,206,1,0,207,63,16,112,191,2,0,177,18,229,206,0,0,37,200,1,1,11,238,175,408,16,73,287,64,5,408,11,403,34,8,24,270,130,249,169,6,1,271,152,20,0.63,11.4,2.2702,15.8112,-0.15573,0.35809,0.55193,0.30231,0.6755,0.0017,,,,,,,,,,,,,,,,,,,,,,,,
198,20186ral,Rattlesnake lower,ral,6,2018,21,6/11/18,Jesusita,0.00,1.00,0.58,0.64,1,1,0,10,10,5,3,1,RS02,0.0008,0.0103,1.2148,0.0000,0.0028,0.3333,0,0,2.46,373,34.464474,-119.687972,8.94,8.94,87,0.75,0.58,0.04,16,7,7,840,66,11,0,403,2,401,11,0,2,0,22,0,11,33,172,14,173,359,6,3,29,20,352,23,1,1,11,364,3,11,15,208,178,364,37,16,211,174,14,378,9,386,12,16,2,204,197,367,34,2,1,211,191,23,0.50,11.0,3.9268,16.4308,-0.17448,0.91094,0.35404,0.56175,0.54431,-0.46,,,,,,,,,,,,,,,,,,,,,,,,
216,20206ral,Rattlesnake lower,ral,6,2020,21,6/17/20,Jesusita,0.00,1.00,0.58,0.64,1,1,0,10,10,5,4,1,RS02,0.0020,0.0351,2.0954,0.0005,0.0064,0.3734,0,0,4.46,373,34.464474,-119.687972,10.94,10.94,90,0.72,0.55,0.099,15.3,8,7,628,45,0,0,461,1,460,14,1,0,0,78,0,227,305,94,3,48,145,8,2,282,57,122,76,3,0,13,160,0,223,20,374,67,202,259,23,344,94,221,226,14,227,8,240,1,390,70,157,289,15,6,405,50,26,0.59,12.7,2.3016,15.9068,0.57182,0.15585,0.22735,0.63987,0.28713,0.55353,,,,,,,,,,,,,,,,,,,,,,,,
31,20096rau,Rattlesnake upper,rau,6,2009,20,6/17/09,Jesusita,0.00,0.60,0.50,0.56,1,1,1,11,11,4,1,1,RS02,0.0014,0.0204,0.5267,0.0100,0.0134,0.1337,0,0,,476,34.470763,-119.688856,0.08,0.08,96.6,0.9,0.752,,14.3,8.45,,688,,,,515,6,509,0,0,6,0,31,0,376,407,99,3,0,102,0,0,468,35,12,31,0,0,9,99,0,376,78,430,7,46,469,10,411,94,438,72,5,52,85,378,6,421,88,115,399,1,0,509,6,11,0.45,7.7,0.8735,15.7952,1.29797,0.06037,0.15726,,,,7.67,1.7,35.0,1.4,15.3,2.220,4.710,8.770,17.648,27.00,18.58,0.00,0.01,0.49,0.55,0.0,0.0,0.0,0.0,,,,,
57,20106rau,Rattlesnake upper,rau,6,2010,20,6/19/10,Jesusita,0.00,0.60,0.50,0.56,1,1,0,10,10,5,1,1,RS02,0.0102,0.0781,2.6051,0.0068,0.1084,5.0121,0,0,,476,34.470763,-119.688856,0.86,0.86,95.4,0.3,0.24,0.31,14.7,9.75,,526,,,,132,1,131,2,1,0,0,82,6,1,89,7,8,1,16,0,26,36,79,17,82,16,7,0,22,0,7,16,40,75,117,15,91,33,8,9,116,6,43,14,77,1,103,28,30,31,71,24,90,18,18,0.69,14.8,1.8531,16.7337,0.28337,-1.17361,0.84075,,,,8.38,2.06,2.42,0.33,0.71,0.132,0.365,2.815,32.827,8.23,0.81,0.116,0.106,0.08,0.09,0.0,0.0,0.0,0.0,,,,,
72,20116rau,Rattlesnake upper,rau,6,2011,20,6/25/11,Jesusita,0.00,0.60,0.50,0.56,1,1,0,10,10,5,2,1,RS02,0.0125,0.2040,17.2166,0.0179,0.0611,1.5659,0,0,,476,34.470763,-119.688856,1.86,1.86,95.8,0.9,0.67,0.06,15.1,10.27,,550,,,,491,8,483,3,2,6,0,53,1,334,388,78,5,7,90,0,5,371,28,91,54,1,0,9,95,0,334,1,459,31,153,338,32,380,79,337,153,1,127,7,359,8,473,10,100,374,17,6,468,17,18,0.41,8.0,1.5464,15.7618,0.82564,0.12416,0.46049,,,,,,,,,,,,,,,,,,,,,,,,,,,
91,20126rau,Rattlesnake upper,rau,6,2012,20,7/3/12,Jesusita,0.00,0.60,0.50,0.56,1,1,0,10,10,5,2,1,RS02,0.0028,0.0128,0.2642,0.0011,0.0057,0.0363,0,0,,476,34.470763,-119.688856,2.86,2.86,97.3,0.7,0.56,0.05,15.5,8.99,,688,,,,839,59,780,3,0,59,0,28,0,556,584,99,8,86,193,0,3,591,21,227,28,2,0,64,190,3,555,14,676,149,258,581,71,672,96,565,271,3,197,76,569,59,671,109,253,582,4,4,686,149,19,0.43,8.1,1.7446,16.0803,0.75033,0.36151,0.32861,,,,,,,,,,,,,,,,,,,,,,,,,,,
113,20136rau,Rattlesnake upper,rau,6,2013,20,6/6/13,Jesusita,0.00,0.60,0.50,0.56,1,1,0,10,10,5,2,1,RS02,0.0017,0.0124,0.2206,0.0005,0.0039,0.0147,0,0,,476,34.470763,-119.688856,3.86,3.86,96.6,0.63,0.51,0.06,15,7.95,7,713,232,0,0,1142,1,1141,2,1,0,0,18,0,739,757,196,9,179,384,0,0,760,35,347,18,0,0,10,377,0,739,20,944,178,374,768,10,937,195,744,390,8,381,8,755,1,937,204,385,757,0,1,961,180,14,0.43,6.1,1.9556,15.7349,0.70833,0.47315,0.34266,0.89239,0.51025,0.43363,,,,,,,,,,,,,,,,,,,,,,,,
179,20176rau,Rattlesnake upper,rau,6,2017,20,6/16/17,Jesusita,0.00,0.60,0.50,0.56,1,1,0,10,10,5,3,1,RS02,0.0071,0.1251,12.0346,0.0015,0.0153,1.4943,0,0,,476,34.470763,-119.688856,7.94,7.94,95.1,0.90,0.68,0.08,16,9,8,693,70,182,0,775,28,747,62,8,20,0,24,0,390,414,264,7,55,326,5,2,405,36,334,24,2,0,70,349,2,390,15,672,88,362,413,31,479,265,388,381,6,414,25,398,28,671,76,354,418,3,10,683,82,20,0.54,9.6,2.9149,15.8447,0.3514,0.30714,0.44654,0.49927,0.53334,0.28028,,,,,,,,,,,,,,,,,,,,,,,,
199,20186rau,Rattlesnake upper,rau,6,2018,20,6/11/18,Jesusita,0.00,0.60,0.50,0.56,1,1,0,10,10,5,3,1,RS02,0.0008,0.0103,1.2148,0.0000,0.0028,0.3333,0,0,,476,34.470763,-119.688856,8.94,8.94,95,0.75,0.60,0.088,16,8,7.6,787,65,2,0,316,30,286,8,2,28,0,6,0,7,13,195,2,76,273,0,0,15,15,286,6,0,0,33,278,0,7,15,194,107,291,25,29,93,194,10,302,4,280,34,10,30,194,92,302,14,0,2,208,106,14,0.54,8.8,3.5676,18.1848,-0.25472,0.95276,0.35342,0.53021,0.58103,-0.48711,,,,,,,,,,,,,,,,,,,,,,,,
32,20096ref,Refugio,ref,6,2009,6,6/21/09,,0.00,0.00,0.00,0.00,0,0,0,00,0,0,4,1,HO00,0.0034,0.0202,0.5267,0.0004,0.0051,0.1461,0,0,,126,34.506218,-120.064933,53.75,53.75,94.6,0.5,0.396,,17.6,8.37,,741,,,,750,43,707,4,1,42,0,35,0,111,146,43,202,228,473,88,0,67,372,311,29,0,0,101,512,3,109,4,478,268,542,208,250,454,46,187,559,4,609,47,98,43,321,386,586,164,0,3,323,424,22,0.71,12.3,2.9490,17.0780,0.19427,0.82986,-0.36957,,,,8.34,2.4,11.6,0.9,6.9,0.974,3.916,5.630,34.321,20.96,10.18,0.01,0.00,0.16,0.17,0.0,0.0,0.0,0.0,,,,,
58,20106ref,Refugio,ref,6,2010,6,6/20/10,,0.00,0.00,0.00,0.00,0,0,0,00,0,0,4,1,HO00,0.0099,0.0778,2.6051,0.0003,0.0681,2.6950,0,0,,126,34.506218,-120.064933,54.53,54.53,87.2,0.7,0.43,0.06,17.2,10.80,,701,,,,655,14,641,102,0,14,0,163,0,88,251,70,146,154,370,16,4,133,285,237,164,4,0,113,392,0,84,5,385,265,544,111,260,324,71,211,441,3,574,15,168,14,333,308,409,152,94,6,335,314,23,0.77,13.9,3.7711,16.1837,-0.08398,-0.06794,0.39799,,,,8.48,1.36,3.78,0.39,2.20,1.376,3.507,4.331,40.926,23.75,23.66,0.046,0.038,0.12,0.25,30.8,14.6,30.8,15.2,,,,,
73,20116ref,Refugio,ref,6,2011,6,6/28/11,,0.00,0.00,0.00,0.00,0,0,0,00,0,0,4,1,HO00,0.0116,0.2019,17.2166,0.0071,0.1319,9.1355,0,0,,126,34.506218,-120.064933,55.53,55.53,92.6,0.7,0.44,0.03,17.8,9.9,,669,,,,394,2,392,1,0,2,0,95,0,112,207,37,45,100,182,2,1,121,133,139,87,1,0,14,183,0,110,2,226,165,277,116,117,238,38,135,257,1,222,2,171,2,248,144,202,128,64,2,247,145,22,0.71,12.6,2.5554,16.0820,0.50838,-0.30856,0.4837,,,,,,,,,,,,,,,,,,,,,,,,,,,
92,20126ref,Refugio,ref,6,2012,6,6/28/12,,0.00,0.00,0.00,0.00,0,0,0,00,0,0,4,1,HO00,0.0034,0.0129,0.2642,0.0014,0.0028,0.0730,0,0,,126,34.506218,-120.064933,56.53,56.53,93.8,0.6,0.38,0.02,17.8,8.86,,704,,,,653,54,599,0,1,53,0,41,0,209,250,53,44,228,325,23,1,201,117,331,38,0,1,79,330,0,205,4,362,283,414,235,103,492,54,186,459,4,399,55,199,54,343,256,424,226,3,2,345,306,25,0.67,12.5,2.8956,16.4904,0.4299,0.44648,-0.0476,,,,,,,,,,,,,,,,,,,,,,,,,,,
114,20136ref,Refugio,ref,6,2013,6,6/5/13,,0.00,0.00,0.00,0.00,0,0,0,00,0,0,4,1,HO00,0.0017,0.0125,0.2206,0.0001,0.0101,0.2632,0,0.19,0.67,126,34.506218,-120.064933,57.53,57.53,95.3,0.52,0.35,0.01,16.7,7.25,7,707,28,0,0,734,104,630,2,2,102,0,60,0,231,291,78,17,191,286,53,0,178,193,363,60,0,8,97,340,0,231,7,427,300,432,302,132,518,84,138,582,14,505,98,133,104,414,216,498,233,3,2,433,299,21,0.76,11.8,2.2343,17.0052,0.27738,0.41837,-0.18744,0.56036,-0.021,0.31653,,,,,,,,,,,,,,,,,,,,,,,,
132,20146ref,Refugio,ref,6,2014,6,6/29/14,,0.00,0.00,0.00,0.00,0,0,0,00,0,0,4,1,HO00,0.0011,0.0063,0.3993,0.0000,0.0044,0.5242,0,0.19,0.71,126,34.506218,-120.064933,58.53,58.53,96.1,0.42,0.23,0.04,18.9,5.95,2,856,60,0,0,888,157,731,0,5,152,0,74,0,285,359,80,24,216,320,42,10,113,319,455,74,0,56,112,361,0,285,29,494,364,510,377,225,582,80,89,776,22,687,106,95,157,475,256,728,160,0,5,534,349,20,0.73,12.0,3.9417,17.6331,0.11778,0.52037,-0.36663,0.54322,-0.23809,0.09266,,,,,,,,,,,,,,,,,,,,,,,,
147,20156ref,Refugio,ref,6,2015,6,7/1/15,,0.00,0.00,0.00,0.00,,,,,,,,0,HO00,0.0014,0.0120,1.7528,0.0001,0.0014,0.1879,1,0.25,0,126,34.506218,-120.064933,59.53,59.53,,0.00,0.00,,,,,,,,,,,,,,,,,,,,,,,,,,,,,,,,,,,,,,,,,,,,,,,,,,,,,,,,,,,,,,,,,,,,,,,,,,,,,,,,,,,,,,,,,,,,,
162,20166ref,Refugio,ref,6,2016,6,7/13/16,,0.00,0.00,0.00,0.00,,,,,,,,0,HO00,0.0000,0.0109,0.6938,0.0001,0.0046,0.9438,2,0.38,0,126,34.506218,-120.064933,0.00,0.00,,0.00,0.00,,,,,,,,,,,,,,,,,,,,,,,,,,,,,,,,,,,,,,,,,,,,,,,,,,,,,,,,,,,,,,,,,,,,,,,,,,,,,,,,,,,,,,,,,,,,,
180,20176ref,Refugio,ref,6,2017,6,6/17/17,Sherpa,0.00,0.67,0.17,0.26,2,4,0,40,20,6,1,1,Refugio,0.0074,0.1246,12.0346,0.6029,1.7515,43.2381,0,0.52,0.5,126,34.506218,-120.064933,1.08,1.08,47.7,0.77,0.59,0.068,22,6,8,937,5,2600,0,17549,19,17530,90,0,19,0,17013,0,1,17014,89,365,30,484,3.75,28.75,1,359,17135,17013.75,3.75,25,74,521,0,1,5,428,17063,17483,12.5,17365,37.5,92.5,304,17158,34,17564,24,51,18.75,17130,400,17498,4,48,3.75,17106,439,24,0.07,3.3,8.5865,19.8839,-1.10647,-0.67626,-1.19644,-1.12433,-1.22256,-0.32287,,,,,,,,,,,,,,,,,,,,,,,,
200,20186ref,Refugio,ref,6,2018,6,6/10/18,Sherpa,0.00,0.67,0.17,0.26,2,4,0,40,20,6,1,1,Refugio,0.0006,0.0103,1.2148,0.0011,0.2656,1.4936,0,0,1.5,126,34.506218,-120.064933,2.08,2.08,52,0.67,0.50,0.042,21,6,5,947,4,291,0,1156,320,836,32,0,320,0,457,0,4,461,150,78,145,373,2,0,1,64,1071,457,2,0,351,372,5,1,4,212,920,1112,24,837,154,145,54,1073,9,854,328,6,320,599,237,1150,5,1,1,612,543,26,0.54,9.2,5.0175,19.5243,-0.88477,0.15335,-0.37514,-0.52046,-0.2096,-0.3192,,,,,,,,,,,,,,,,,,,,,,,,
217,20206ref,Refugio,ref,6,2020,6,6/14/20,Sherpa,0.00,0.67,0.17,0.26,2,4,0,40,20,6,2,1,HO00,0.0040,0.0355,2.0954,0.0328,0.0545,1.4743,0,0,3.5,126,34.506218,-120.064933,4.08,4.08,59,0.72,0.51,0.04,15.9,11,7,685,27,106,0,1907,137,1770,208,0,137,0,977,0,178,1155,119,374,113,606,1,8,43,604,816,981.3,1,0,350,576,29,178,6,679,1192,1239,224,1444,310,123,334,1416,127,1375,585,155,137,1284,486,1746,47,114,1,1277,629,31,0.71,14.1,4.6422,19.9388,-0.73212,-0.3105,-0.35681,-0.62078,-0.28812,0.2765,,,,,,,,,,,,,,,,,,,,,,,,
33,20096rom,Romero,rom,6,2009,25,6/15/09,,0.00,0.00,0.00,0.00,0,0,0,00,0,0,4,1,RS02,0.0125,0.0205,0.5267,0.0109,0.0134,0.1337,0,0,,360,34.458571,-119.591069,37.67,37.67,96.6,0.5,0.366,,14.3,9.06,,657,,,,993,12,981,1,12,0,0,76,1,282,359,530,40,50,620,0,2,695,220,73,54,1,0,25,628,4,282,407,515,66,186,802,62,459,467,673,247,68,189,443,362,12,443,538,650,337,6,15,887,91,27,0.60,13.1,1.3286,16.5974,1.11929,0.34695,-0.04888,,,,8.23,4.5,13.3,1.6,9.3,0.974,2.165,6.929,30.748,43.14,5.45,0.03,0.00,0.13,0.26,0.0,0.0,0.0,0.0,,,,,
59,20106rom,Romero,rom,6,2010,25,6/16/10,,0.00,0.00,0.00,0.00,0,0,0,00,0,0,4,1,RS02,0.0110,0.0789,2.6051,0.0217,0.0429,2.6051,0,0,,360,34.458571,-119.591069,38.45,38.45,89.9,0.8,0.51,0.15,14.5,9.59,,651,,,,536,19,517,9,19,0,0,67,0,242,309,149,23,28,200,0,8,379,118,38,63,7,0,14,222,2,237,122,344,69,149,386,48,356,131,351,166,18,139,118,288,19,337,180,220,294,22,31,455,50,24,0.65,14.5,0.4906,15.8768,0.97688,0.03859,0.15317,,,,8.32,2.12,3.17,0.23,1.98,1.022,1.317,7.416,21.058,18.58,2.28,0.049,0.031,0.21,0.27,1.8,0.0,1.8,0.4,,,,,
74,20116rom,Romero,rom,6,2011,25,6/29/11,,0.00,0.00,0.00,0.00,0,0,0,00,0,0,4,1,RS02,0.0113,0.2012,17.2166,0.0171,0.0604,1.5659,0,0,,360,34.458571,-119.591069,39.45,39.45,96.2,0.8,0.61,0.15,14.8,10.36,,595,,,,884,4,880,1,4,0,0,187,4,646,837,30,4,6,40,0,3,766,103,14,186,2,0,5,49,0,643,9,802,72,210,673,68,803,12,681,183,19,150,46,689,4,867,13,44,778,62,14,861,9,22,0.36,8.2,0.8389,15.7855,1.24953,-0.12243,0.27285,,,,,,,,,,,,,,,,,,,,,,,,,,,
93,20126rom,Romero,rom,6,2012,25,6/27/12,,0.00,0.00,0.00,0.00,0,0,0,00,0,0,4,1,RS02,0.0028,0.0130,0.2642,0.0010,0.0058,0.0363,0,0,,360,34.458571,-119.591069,40.45,40.45,96.8,0.9,0.61,0.05,16.1,8.76,,480,,,,583,64,519,5,64,0,0,44,0,308,352,124,5,36,165,0,2,304,203,74,36,1,0,15,231,0,304,35,429,118,187,395,30,471,81,288,250,44,157,27,403,64,435,84,205,360,18,69,473,41,23,0.65,13.3,2.0582,15.8814,0.8608,0.25887,0.01833,,,,,,,,,,,,,,,,,,,,,,,,,,,
115,20136rom,Romero,rom,6,2013,25,6/10/13,,0.00,0.00,0.00,0.00,0,0,0,00,0,0,4,1,RS02,0.0017,0.0122,0.2206,0.0015,0.0039,0.0147,0,0,,360,34.458571,-119.591069,41.45,41.45,95.9,0.71,0.55,0.08,15.3,5.6,7,689,298,0,0,5252,4735,517,24,26,4709,0,65,0,92,157,260,8,91,359,0,1,149,182,4803,64,1,4591,147,387,2,84,65,4951,118,4895,239,4604,344,186,88,4964,82,4944,143,189,4735,358,159,5082,166,4,35,5118,99,24,0.75,13.1,6.4436,18.1568,0.24925,0.53332,0.30164,1.50773,-0.98124,-0.29452,,,,,,,,,,,,,,,,,,,,,,,,
133,20146rom,Romero,rom,6,2014,25,6/22/14,,0.00,0.00,0.00,0.00,0,0,0,00,0,0,4,1,RS02,0.0014,0.0064,0.3993,0.0000,0.0021,0.2040,0,0,,360,34.458571,-119.591069,42.45,42.45,94.9,0.74,0.54,0.06,16.1,2.82,7,778,63,68,0,1089,669,420,26,30,639,0,88,0,71,159,147,3,111,261,0,0,148,115,731,89,0,544,122,288,1,71,28,830,136,848,146,548,337,109,61,883,50,875,108,132,669,279,141,920,168,1,30,945,114,18,0.79,11.3,5.0569,17.6544,0.22151,0.51411,0.20914,1.17862,-0.27019,-0.08828,,,,,,,,,,,,,,,,,,,,,,,,
148,20156rom,Romero,rom,6,2015,25,7/6/15,,0.00,0.00,0.00,0.00,0,0,0,00,0,0,4,1,RS02,0.0011,0.0118,1.7528,0.0000,0.0004,0.0252,0,0,,360,34.458571,-119.591069,43.53,43.53,92.2,0.82,0.58,0.08,17,8,7,820,37,0,0,1236,728,508,16,31,697,0,48,0,181,229,163,2,113,278,0,1,164,201,833,48,0,659,57,308,1,179,76,979,143,910,288,662,400,136,114,1050,34,1033,78,141,728,318,190,1080,156,0,34,1086,116,18,0.80,11.1,4.7807,17.7137,0.37064,0.49643,-0.2474,1.12892,-0.49019,-0.00031,,,,,,,,,,,,,,,,,,,,,,,,
163,20166rom,Romero,rom,6,2016,25,7/16/16,,0.00,0.00,0.00,0.00,0,0,0,00,0,0,4,1,RS02,0.0000,0.0108,0.6938,0.0000,0.0001,0.0059,0,0,,360,34.458571,-119.591069,44.53,44.53,90.5,0.85,0.50,0.08,17,8,8,872,29,0,0,2833,2246,587,31,32,2214,0,24,0,298,322,150,3,111,264,0,1,228,206,2301,24,1,2116,130,293,2,298,52,2545,138,2354,381,2124,480,131,208,2488,39,2482,131,251,2246,421,166,2602,229,2,33,2687,113,18,0.77,11.5,4.6206,17.9538,0.41939,0.35715,-0.1343,1.27623,-0.83455,0.02699,,,,,,,,,,,,,,,,,,,,,,,,
181,20176rom,Romero,rom,6,2017,25,6/26/17,,0.00,0.00,0.00,0.00,0,0,0,00,0,0,4,1,RS02,0.0051,0.1207,12.0346,0.0012,0.0147,1.4943,0,0,,360,34.458571,-119.591069,45.53,45.53,90.7,0.88,0.65,0.07,18,9,7,832,37,34,0,562,23,539,19,18,5,0,56,4,223,283,196,7,52,255,0,1,270,87,204,56,0,5,21,274,0,225,32,446,83,282,279,29,358,174,227,305,29,287,16,278,23,454,85,269,278,15,24,478,60,23,0.65,12.8,2.0400,16.0523,0.44258,0.25965,0.31914,0.63361,0.38634,0.33579,,,,,,,,,,,,,,,,,,,,,,,,
201,20186rom,Romero,rom,6,2018,25,6/18/18,Thomas,0.33,1.00,0.67,0.95,3,3,0,30,30,8,1,1,Carpinteria,0.0000,0.0100,1.2148,0.0096,0.0915,11.0436,0,0,,360,34.458571,-119.591069,0.50,0.50,36,0.36,0.29,0.00,21,10,8,801,90,2265,0,538,0,538,314,0,0,0,368,0,11,379,14,122,0,136,0,23,16,311,187,390,5,1,314,130,1,11,20,121,372,452,62,460,40,14,81,380,52,588,30,234,0,398,140,310,12,216,5,393,140,23,0.61,11.6,3.1454,17.8022,-1.03269,-0.82716,0.20801,-1.31223,0.08335,0.16099,,,,,,,,,,,,,,,,,,,,,,,,
218,20206rom,Romero,rom,6,2020,25,6/22/20,Thomas,0.33,1.00,0.67,0.95,3,3,0,30,30,8,2,1,Carpinteria,0.0014,0.0345,2.0954,0.0093,0.0471,3.1432,0,0,,360,34.458571,-119.591069,2.50,2.50,39,0.40,0.27,0.01,16.2,10,8,650,13,995,0,2096,0,2096,361,0,0,0,1929,4,2,1935,3,74,11,88,0,73,5,2061,20,1941,62,0,361,88,1,4,2,94,1990,2067,19,2070,2,14,61,392,1633,442,3,2012,0,1947,149,105,6,1985,66,1933,97,17,0.40,6.2,4.8188,21.2550,-0.91905,-1.109,0.98981,-1.49388,0.76256,0.80673,,,,,,,,,,,,,,,,,,,,,,,,
34,20096sau,San Antonio upper,sau,6,2009,13,6/19/09,Jesusita,0.62,1.00,0.38,0.46,2,2,0,20,20,3,1,1,Mission ,0.0031,0.0203,0.5267,0.0023,0.0115,0.3341,0,0,,138,34.467248,-119.773120,0.08,0.08,30.9,0.8,0.422,,23.3,8.65,,1461,,,,628,176,452,178,1,175,0,161,0,57,218,114,26,88,228,2,4,4,72,539,164,0,1,356,221,7,57,4,191,420,534,81,351,153,111,3,607,5,603,194,9,176,338,114,623,5,0,1,334,293,25,0.63,10.3,4.5777,19.4475,-0.73313,0.13814,-0.00589,,,,8.12,3.9,36.8,0.6,7.1,0.920,3.970,2.815,20.679,28.06,8.62,0.01,0.01,0.15,0.27,3.1,1.4,3.1,1.4,,,,,
60,20106sau,San Antonio upper,sau,6,2010,13,6/21/10,Jesusita,0.62,1.00,0.38,0.46,2,2,0,20,20,3,1,1,Mission ,0.0119,0.0776,2.6051,0.0062,0.1072,5.0120,0,0,,138,34.467248,-119.773120,0.86,0.86,27.4,0.5,0.30,0.19,19,10.49,,975,,,,1021,2,1019,146,1,1,0,890,0,24,914,40,14,48,102,1,2,164,84,770,890,1,1,143,108,0,24,6,81,931,983,35,898,72,48,7,999,12,1101,8,58,2,951,68,970,4,47,2,955,64,25,0.46,9.4,5.2445,17.1036,-0.79094,-0.65325,-0.47039,,,,8.53,2.90,2.90,1.15,2.04,2.793,10.264,6.669,52.056,30.26,34.24,0.082,0.040,0.14,0.17,84.0,41.4,84.0,41.4,,,,,
75,20116sau,San Antonio upper,sau,6,2011,13,6/27/11,Jesusita,0.62,1.00,0.38,0.46,2,2,0,20,20,3,2,1,Mission ,0.0136,0.2026,17.2166,0.0204,0.2033,11.0435,0,0,,138,34.467248,-119.773120,1.86,1.86,33.2,0.6,0.40,0.08,17,10.2,,860,,,,1926,6,1920,110,1,5,0,1546,1,21,1568,86,46,167,299,0,53,116,1538,272,1552,47,0,114,291,10,22,2,163,1761,1887,39,1655,182,89,42,1187,697,518,15,1503,6,1660,260,439,7,1480,49,1653,224,25,0.55,10.9,4.7989,19.4226,-0.41885,-1.05733,0.76171,,,,,,,,,,,,,,,,,,,,,,,,,,,
95,20126sau,San Antonio upper,sau,6,2012,13,6/23/12,Jesusita,0.62,1.00,0.38,0.46,2,2,0,20,20,3,2,1,Mission ,0.0025,0.0131,0.2642,0.0008,0.0071,0.1642,0,0,,138,34.467248,-119.773120,2.86,2.86,42.0,0.5,0.35,0.07,22,9.21,,571,,,,479,151,328,21,34,117,0,23,0,32,55,60,46,150,256,5,12,13,110,338,35,0,0,139,291,4,31,11,135,315,394,67,180,215,66,32,419,10,287,139,74,151,124,204,421,53,5,35,119,325,27,0.74,17.2,3.1050,17.7123,-0.38192,0.70817,0.02017,,,,,,,,,,,,,,,,,,,,,,,,,,,
117,20136sau,San Antonio upper,sau,6,2013,13,6/3/13,Jesusita,0.62,1.00,0.38,0.46,2,2,0,20,20,3,2,1,Mission ,0.0020,0.0125,0.2206,0.0006,0.0030,0.0317,0,0.19,0.67,138,34.467248,-119.773120,3.86,3.86,60.1,0.38,0.29,0.04,17,2.57,3,1580,10,0,0,560,220,340,397.5,0,220,0,17.5,0,0,17.5,232.5,40,22.5,295,0,27.5,0,33,520,17.5,0,28,620,293,0,0,18,303,233,535,17.5,290,10,252.5,23,503,28,708,228,23,220,280,60,558,2.5,0,0,250,310,13,0.61,8.1,3.5542,19.4753,-0.92144,0.32443,0.64545,-0.3875,0.83771,-0.28185,,,,,,,,,,,,,,,,,,,,,,,,
134,20146sau,San Antonio upper,sau,6,2014,13,6/26/14,Jesusita,0.62,1.00,0.38,0.46,,,,,,,,0,Mission ,0.0011,0.0063,0.3993,0.0006,0.0045,0.6400,1,0.19,0,138,34.467248,-119.773120,4.86,4.86,,0.00,0.00,,,,,,,,,,,,,,,,,,,,,,,,,,,,,,,,,,,,,,,,,,,,,,,,,,,,,,,,,,,,,,,,,,,,,,,,,,,,,,,,,,,,,,,,,,,,,
149,20156sau,San Antonio upper,sau,6,2015,13,7/3/15,Jesusita,0.62,1.00,0.38,0.46,,,,,,,,0,Mission ,0.0014,0.0120,1.7528,0.0006,0.0036,0.4106,2,0.25,0,138,34.467248,-119.773120,5.86,5.86,,0.00,0.00,,,,,,,,,,,,,,,,,,,,,,,,,,,,,,,,,,,,,,,,,,,,,,,,,,,,,,,,,,,,,,,,,,,,,,,,,,,,,,,,,,,,,,,,,,,,,
164,20166sau,San Antonio upper,sau,6,2016,13,7/26/16,Jesusita,0.62,1.00,0.38,0.46,,,,,,,,0,Mission ,0.0000,0.0104,0.6938,0.0006,0.0034,0.2860,3,0.38,0,138,34.467248,-119.773120,6.86,6.86,,0.00,0.00,,,,,,,,,,,,,,,,,,,,,,,,,,,,,,,,,,,,,,,,,,,,,,,,,,,,,,,,,,,,,,,,,,,,,,,,,,,,,,,,,,,,,,,,,,,,,
182,20176sau,San Antonio upper,sau,6,2017,13,6/17/17,Jesusita,0.62,1.00,0.38,0.46,2,2,0,20,20,3,3,1,Mission ,0.0074,0.1246,12.0346,0.0028,0.0962,9.8542,0,0.52,0.5,138,34.467248,-119.773120,7.94,7.94,10.8,0.48,0.36,0.020,21,7,7,1481,5,5410,0,4562,0,4562,0,0,0,0,4352,0,0,4352,28,60,99,187,1,22,3,138,4367,4353,2,18,0,187,2,0,2,56,4451,4465,43,4377,122,10,3,4375,131,4435,5,122,0,4396,166,4441,3,118,2,4381,179,21,0.13,4.5,4.1153,21.7913,-1.1464,-0.6526,-1.14697,-1.10926,-1.17252,-0.29608,,,,,,,,,,,,,,,,,,,,,,,,
202,20186sau,San Antonio upper,sau,6,2018,13,6/13/18,Jesusita,0.62,1.00,0.38,0.46,2,2,0,20,20,3,3,1,Mission ,0.0006,0.0102,1.2148,0.0003,0.0096,0.9231,0,0.08,0.46,138,34.467248,-119.773120,8.94,8.94,14,0.30,0.27,0.01,26,8,2,2108,5,22,0,371,134,237,450,0,134,0,11,0,0,11,179,10,4,193,0,33,0,9,358,11,0,31,584,194,1,0,1,217,149,353,14,183,15,169,6,358,3,685,136,0,134,222,15,371,0,0,0,190,181,15,0.49,6.7,1.6681,19.5044,-0.94349,0.32578,0.77771,-0.41645,0.97676,-0.19842,,,,,,,,,,,,,,,,,,,,,,,,
219,20206sau,San Antonio upper,sau,6,2020,13,6/25/20,Jesusita,0.62,1.00,0.38,0.46,2,2,0,20,20,3,1,1,Mission ,0.0014,0.0341,2.0954,0.0006,0.0361,2.2483,0,0.17,0.54,138,34.467248,-119.773120,0.50,0.50,27,0.34,0.27,0.09,19.2,9,7,1008,14,36,0,463,7,456,53,0,7,0,98,0,4,102,215,14,7,236,0,118,0,162,300,217,0,0,59,234,2,4,1,349,112,320,142,236,12,214,10,432,20,381,7,128,7,432,24,454,0,9,0,317,146,20,0.62,10.3,1.7591,19.5121,-1.05329,0.26336,0.10576,-0.37025,0.1725,-0.6967,,,,,,,,,,,,,,,,,,,,,,,,
35,20096sjo,San Jose,sjo,6,2009,10,6/19/09,,0.00,0.00,0.00,0.00,0,0,1,01,1,1,4,1,San Jose,0.0031,0.0203,0.5267,0.0031,0.0203,0.5267,0,0,,321,34.492925,-119.803048,53.75,53.75,96.2,1.1,0.834,,15.3,8.61,,861,,,,274,21,253,0,0,21,0,122,1,71,194,44,11,0,55,3,1,184,59,31,122,0,0,29,53,0,70,34,125,115,162,112,129,99,46,66,200,8,178,43,53,21,213,40,194,78,2,3,242,29,22,0.73,14.6,1.9115,16.5711,0.59174,-0.47139,-0.40465,,,,8.42,0.9,10.8,0.6,4.4,0.650,1.768,5.197,16.998,18.91,6.42,0.03,0.01,0.53,0.30,0.0,0.0,0.0,0.0,,,,,
61,20106sjo,San Jose,sjo,6,2010,10,6/21/10,,0.00,0.00,0.00,0.00,0,0,1,01,1,1,4,1,San Jose,0.0119,0.0776,2.6051,0.0119,0.0776,2.6051,0,0,,321,34.492925,-119.803048,54.53,54.53,96.1,1.3,0.97,0.03,13.9,9.66,,780,,,,306,4,302,1,0,4,0,254,5,24,283,15,2,0,17,1,1,253,39,14,254,1,0,4,19,0,29,14,67,225,272,34,232,59,15,24,282,0,261,11,35,4,290,12,231,55,20,6,294,6,16,0.52,10.8,1.3000,15.9384,0.48748,-1.12424,-0.14365,,,,8.46,0.94,3.61,0.11,2.38,0.715,1.251,0.909,4.287,7.20,20.47,0.022,0.014,0.43,0.58,21.0,2.4,21.0,2.4,,,,,
76,20116sjo,San Jose,sjo,6,2011,10,6/22/11,,0.00,0.00,0.00,0.00,0,0,1,01,1,1,4,1,San Jose,0.0133,0.2062,17.2166,0.0133,0.2062,17.2166,0,0,,321,34.492925,-119.803048,55.53,55.53,93.5,1.2,0.94,0.04,14.5,10.3,,758,,,,123,0,123,0,0,0,0,98,6,9,113,5,4,0,9,0,1,108,12,3,98,1,0,1,8,0,15,10,17,96,110,13,106,11,6,14,108,1,104,6,13,0,117,6,101,17,5,7,113,3,13,0.45,10.9,0.8362,16.1188,0.4818,-1.37108,-0.2222,,,,,,,,,,,,,,,,,,,,,,,,,,,
96,20126sjo,San Jose,sjo,6,2012,10,6/28/12,,0.00,0.00,0.00,0.00,0,0,1,01,1,1,4,1,San Jose,0.0034,0.0129,0.2642,0.0034,0.0129,0.2642,0,0,,321,34.492925,-119.803048,56.53,56.53,93.4,1.2,0.98,0.04,15.4,8.99,,405,,,,326,23,303,0,0,23,0,112,1,142,255,26,22,0,48,0,0,210,79,37,109,1,0,47,28,0,141,13,243,70,170,156,96,204,26,102,222,2,174,25,127,23,288,15,158,168,0,2,300,24,17,0.71,10.8,1.2932,16.1426,0.74536,-0.18938,-0.21118,,,,,,,,,,,,,,,,,,,,,,,,,,,
118,20136sjo,San Jose,sjo,6,2013,10,6/14/13,,0.00,0.00,0.00,0.00,0,0,1,01,1,1,4,1,San Jose,0.0023,0.0121,0.2206,0.0023,0.0121,0.2206,0,0,,321,34.492925,-119.803048,57.53,57.53,92.2,1.30,0.94,0.03,15.4,4.79,7,859,146,26,0,430,81,349,0,1,80,0,135,0,131,266,69,10,0,79,3,1,216,94,118,135,0,1,86,81,2,125,32,309,87,255,173,119,241,68,109,291,28,226,88,116,81,313,36,213,217,0,7,338,85,22,0.67,11.2,1.5249,17.0262,0.61485,0.05863,-0.01703,0.59385,0.09775,0.78876,,,,,,,,,,,,,,,,,,,,,,,,
135,20146sjo,San Jose,sjo,6,2014,10,6/26/14,,0.00,0.00,0.00,0.00,0,0,1,01,1,1,4,1,San Jose,0.0011,0.0063,0.3993,0.0011,0.0063,0.3993,0,0,,321,34.492925,-119.803048,58.53,58.53,92.4,1.30,0.95,0.09,16.4,6.75,7,891,43,0,0,407,42,365,0,0,42,0,97,0,187,284,43,5,21,69,1,11,175,116,116,97,0,20,37,68,1,184,30,286,91,181,226,112,254,41,131,251,25,232,40,135,42,313,52,234,172,1,3,338,66,20,0.74,12.0,2.0061,16.9058,0.48599,0.04042,-0.27667,0.44222,-0.28796,0.57033,,,,,,,,,,,,,,,,,,,,,,,,
150,20156sjo,San Jose,sjo,6,2015,10,7/2/15,,0.00,0.00,0.00,0.00,0,0,1,01,1,1,4,1,San Jose,0.0014,0.0120,1.7528,0.0014,0.0120,1.7528,0,0,,321,34.492925,-119.803048,59.61,59.61,91.2,1.20,0.92,0.117,18,8,8,1021,8,0,0,274,24,250,0,0,24,0,36,0,165,201,34,4,7,45,4,0,49,149,76,36,1,7,20,45,1,164,17,204,53,84,190,60,179,35,43,225,6,208,22,44,24,226,24,224,50,0,0,247,27,19,0.65,11.4,1.4475,17.1908,0.23578,0.16374,-0.71385,0.33361,-0.57403,0.42585,,,,,,,,,,,,,,,,,,,,,,,,
165,20166sjo,San Jose,sjo,6,2016,10,7/21/16,,0.00,0.00,0.00,0.00,0,0,0,00,0,0,4,1,San Jose,0.0000,0.0106,0.6938,0.0000,0.0106,0.6938,0,0,,321,34.492925,-119.803048,60.61,60.61,90.9,1.11,0.89,0.06,18,5.6,8,1006,22,0,0,241,22,219,8,3,19,0,19,0,64,83,97,2,21,120,0,16,17,83,140,19,0,17,25,122,1,65,16,165,59,142,98,55,87,98,17,205,18,208,19,22,22,182,37,220,21,0,3,182,56,17,0.73,11.0,2.5453,17.9982,-0.11099,0.71786,-0.06102,0.51542,0.09934,-0.26155,,,,,,,,,,,,,,,,,,,,,,,,
183,20176sjo,San Jose,sjo,6,2017,10,6/19/17,,0.00,0.00,0.00,0.00,0,0,0,00,0,0,4,1,San Jose,0.0076,0.1237,12.0346,0.0076,0.1237,12.0346,0,0,,321,34.492925,-119.803048,61.61,61.61,88.0,1.25,1.01,0.06,17,8,7,967,9,2,0,592,17,575,14,0,17,0,17,1,43,61,447,11,11,469,3,42,39,40,510,17,0,40,29,476,0,44,10,545,34,532,57,79,58,452,39,543,7,550,20,36,17,543,32,552,38,2,1,510,81,23,0.42,11.3,3.1504,17.0491,-0.20438,0.91194,0.61515,0.57056,0.39409,-0.75409,,,,,,,,,,,,,,,,,,,,,,,,
203,20186sjo,San Jose,sjo,6,2018,10,7/18/18,,0.00,0.00,0.00,0.00,0,0,0,00,0,0,4,1,San Jose,0.0000,0.0090,1.2148,0.0000,0.0090,1.2148,0,0,,321,34.492925,-119.803048,62.61,62.61,86,1.22,0.95,0.036,20,10,8,1031,30,91,0,714,20,694,5,1,19,0,130,0,125,255,354,13,61,428,0,11,30,167,517,131,0,10,26,418,9,125,14,493,207,514,200,171,187,356,30,630,54,657,29,33,20,610,84,682,32,0,2,609,103,18,0.58,9.8,4.9078,18.4010,-0.30338,0.61326,-0.32532,0.33756,-0.09126,-0.41969,,,,,,,,,,,,,,,,,,,,,,,,
62,20106sol,San Onofre lower,sol,6,2010,1,6/20/10,Gaviota,0.00,0.00,0.00,0.00,0,0,0,00,0,0,3,1,HO00,0.0099,0.0778,2.6051,0.0003,0.0681,2.6950,0,0,,68,34.478971,-120.189568,5.78,5.78,90.9,0.68,0.45,0.03,15.6,8.46,,904,,,,493,7,486,9,1,6,0,135,2,121,258,48,29,143,220,5,3,211,103,177,111,3,0,57,210,3,118,12,309,170,332,159,75,386,30,118,353,20,290,15,197,7,322,164,230,244,19,9,323,161,25,0.72,15.7,1.5670,16.1809,0.56235,0.14865,0.2698,,,,7.96,3.11,2.28,0.26,0.94,0.173,0.208,1.705,14.210,12.79,2.15,0.028,0.028,0.28,0.34,0.0,0.0,3.0,1.6,,,,,
97,20126sol,San Onofre lower,sol,6,2012,1,7/5/12,Gaviota,0.00,0.00,0.00,0.00,0,0,0,00,0,0,3,1,HO00,0.0040,0.0127,0.2642,0.0003,0.0028,0.0730,0,0,,68,34.478971,-120.189568,7.78,7.78,95.0,0.7,0.49,0.05,16.2,7.82,,875,,,,761,31,730,4,0,31,0,119,1,322,442,96,19,154,269,17,2,369,120,272,116,0,1,57,272,0,319,2,565,194,400,361,69,611,81,264,473,24,423,33,309,31,570,160,370,389,2,5,567,189,25,0.66,12.7,0.5286,16.1164,0.50822,0.20638,0.00156,,,,,,,,,,,,,,,,,,,,,,,,,,,
184,20176sol,San Onofre lower,sol,6,2017,1,7/3/17,Gaviota,0.00,0.00,0.00,0.00,0,0,0,00,0,0,4,1,HO00,0.0045,0.1178,12.0346,0.0015,0.1526,6.3847,,,,68,34.478971,-120.189568,12.86,12.86,87.4,0.84,0.43,0.13,19,9,7,1105,46,12,0,847,1,846,24,0,1,0,189,0,271,460,259,2,104,365,21,0,239,123,484,189,0,0,24,388,0,270,5,607,234,545,301,131,458,257,180,662,4,687,3,181,1,735,111,587,260,0,1,739,107,17,0.69,8.8,3.6096,15.6480,0.05144,0.20652,-0.12857,0.28186,-0.08752,0.05825,,,,,,,,,,,,,,,,,,,,,,,,
36,20096sou,San Onofre upper,sou,6,2009,2,6/21/09,Gaviota,0.00,0.00,0.00,0.00,0,0,0,00,0,0,3,1,HO00,0.0034,0.0202,0.5267,0.0004,0.0051,0.1461,0,0,,94,34.481451,-120.189003,5,5,90.4,1.1,0.798,,16,8.92,,879,,,,665,0,665,4,0,0,0,184,1,141,326,99,129,72,300,36,3,181,287,194,167,0,0,78,270,15,138,21,534,108,432,231,192,368,103,108,540,15,495,23,150,0,492,173,430,232,3,5,515,145,32,0.76,16.9,2.9116,15.9301,0.22394,0.08327,-0.44228,,,,8.28,1.5,5.0,0.4,1.6,0.722,3.212,3.140,19.164,34.49,13.38,0.01,0.01,0.19,0.53,0.0,0.0,0.0,0.0,,,,,
77,20116sou,San Onofre upper,sou,6,2011,2,6/28/11,Gaviota,0.00,0.00,0.00,0.00,0,0,0,00,0,0,3,1,HO00,0.0116,0.2019,17.2166,0.0071,0.1319,9.1355,0,0,,94,34.481451,-120.189003,6.78,6.78,93.9,1.0,0.77,0.19,15.8,10.18,,403,,,,347,0,347,7,0,0,0,117,0,82,199,31,6,101,138,8,2,159,55,133,112,1,0,12,147,0,82,0,217,130,256,91,42,274,31,80,267,0,235,3,116,0,244,103,146,173,28,1,243,103,17,0.73,11.6,2.7058,15.6042,0.56262,-0.15427,0.47474,,,,,,,,,,,,,,,,,,,,,,,,,,,
119,20136sou,San Onofre upper,sou,6,2013,2,6/8/13,Gaviota,0.00,0.00,0.00,0.00,0,0,0,00,0,0,4,1,HO00,0.0017,0.0123,0.2206,0.0001,0.0100,0.2632,0,0,,94,34.481451,-120.189003,8.78,8.78,93.6,0.67,0.43,0.04,15.4,5.7,7,881,54,0,0,1001,28,973,5,0,28,0,194,0,382,576,67,5,297,369,24,4,401,227,371,196,0,0,33,395,0,382,4,569,426,471,528,136,812,51,311,571,117,637,29,340,28,670,303,571,427,3,4,668,329,24,0.61,10.7,2.9258,16.7137,0.61832,0.3628,-0.03833,0.81238,0.06203,0.52487,,,,,,,,,,,,,,,,,,,,,,,,
185,20176sou,San Onofre upper,sou,6,2017,2,7/3/17,Gaviota,0.00,0.00,0.00,0.00,0,0,0,00,0,0,4,1,HO00,0.0045,0.1178,12.0346,0.0015,0.1526,6.3847,0,0,,94,34.481451,-120.189003,12.86,12.86,89.7,1.20,0.88,0.15,16,9,7,1060,71,4,0,668,1,667,4,0,1,0,106,1,88,195,397,4,56,457,15,0,147,42,479,106,0,0,4,475,0,87,5,579,84,560,108,32,238,398,71,595,2,598,3,71,1,604,63,504,163,1,2,605,61,18,0.51,8.6,5.0701,15.4146,0.1078,0.59315,0.47436,0.6967,0.29209,-0.30226,,,,,,,,,,,,,,,,,,,,,,,,
204,20186sou,San Onofre upper,sou,6,2018,2,6/26/18,Gaviota,0.00,0.00,0.00,0.00,0,0,0,00,0,0,4,1,HO00,0.0000,0.0097,1.2148,0.0002,0.0152,2.9625,0,0,,94,34.481451,-120.189003,13.86,13.86,91,1.21,0.92,0.097,16,8,8,1057,100,0,0,756,0,756,1,0,0,0,168,1,172,341,264,7,136,407,1,7,263,126,366,172,0,1,9,405,0,170,38,534,183,491,264,62,435,258,143,567,45,591,2,164,0,578,178,489,267,0,5,609,142,22,0.61,9.7,3.0987,16.0953,0.33489,0.46541,0.19604,0.73646,0.21628,0.04035,,,,,,,,,,,,,,,,,,,,,,,,
220,20206sou,San Onofre upper,sou,6,2020,2,6/29/20,Gaviota,0.00,0.00,0.00,0.00,0,0,0,00,0,0,4,1,HO00,0.0014,0.0337,2.0954,0.0310,0.0532,1.4743,0,0,,94,34.481451,-120.189003,15.86,15.86,91,1.40,0.81,0.13,16.5,9,7,938,36,1,0,681,0,681,9,0,0,0,227,1,203,431,133,30,80,243,7,0,297,181,203,211,0,0,48,230,0,201,5,520,156,415,266,125,430,126,167,470,44,423,5,262,0,584,97,319,321,41,3,595,83,24,0.72,13.9,3.1396,16.1934,0.42718,0.01673,0.17373,0.54603,0.08415,0.55663,,,,,,,,,,,,,,,,,,,,,,,,
78,20116srl,San Roque lower,srl,6,2011,15,7/10/11,Jesusita,1.00,1.00,0.66,0.76,2,2,0,20,20,3,2,1,Mission ,0.0102,0.1938,17.2166,0.0127,0.1946,11.0435,0,0,,139,34.457145,-119.729014,1.86,1.86,48.9,1.1,0.68,0.16,20.4,9.78,,986,,,,918,549,369,1011,24,525,0,232,0,8,240,58,42,20,120,0,9,18,239,655,235,2,5,1529,128,22,8,9,102,801,871,41,797,55,60,5,852,55,1136,562,231,549,304,65,693,24,201,26,298,594,25,0.46,9.5,5.7636,18.9079,-0.99067,-0.23655,0.83536,,,,,,,,,,,,,,,,,,,,,,,,,,,
98,20126srl,San Roque lower,srl,6,2012,15,6/22/12,Jesusita,1.00,1.00,0.66,0.76,2,2,0,20,20,3,2,1,Mission ,0.0048,0.0132,0.2642,0.0014,0.0072,0.1642,0,0,,139,34.457145,-119.729014,2.86,2.86,50.5,0.7,0.51,0.06,19.8,6.19,,550,,,,1448,799,649,237,3,796,0,342,0,71,413,121,12,61,194,0,42,74,55,1315,348,0,36,1034,190,7,70,15,243,1186,1346,98,1198,110,136,36,1384,24,798,807,80,799,561,88,1402,40,6,7,533,908,23,0.55,11.0,6.5579,19.2632,-0.9586,-0.09651,0.02482,,,,,,,,,,,,,,,,,,,,,,,,,,,
120,20136srl,San Roque lower,srl,6,2013,15,6/4/13,Jesusita,1.00,1.00,0.66,0.76,2,2,0,20,20,3,2,1,Mission ,0.0017,0.0125,0.2206,0.0006,0.0030,0.0317,0,0.19,0.67,139,34.457145,-119.729014,3.86,3.86,69.9,0.49,0.38,0.06,17.6,3.21,3,2438,56,0,0,500,208,292,332,12,196,0,40,0,0,40,117,14,89,220,0,32,0,43,453,40,0,32,528,229,3,0,31,132,333,461,35,274,101,121,2,487,7,610,206,16,208,162,130,488,12,0,12,157,331,17,0.62,9.4,3.6809,19.0962,-0.81612,0.29788,0.45821,-0.36563,0.64627,-0.09767,,,,,,,,,,,,,,,,,,,,,,,,
136,20146srl,San Roque lower,srl,6,2014,15,6/20/14,Jesusita,1.00,1.00,0.66,0.76,2,2,0,20,20,3,3,1,Mission ,0.0017,0.0064,0.3993,0.0006,0.0046,0.6400,1,0.19,0,139,34.457145,-119.729014,4.86,4.86,80.0,0.58,0.34,0.09,18,0.59,7,3305,30,0,0,604,342,262,209,0,342,0,55,0,0,55,77,42.1,38,157.1,0,50,0,23,565,61.7,0,50,551,145,5,0,8,147,433,531.4,56.7,473.1,73,42,5,581,2,446,364,4,342,183.4,78.7,604,0,0,1.7,132,470,19,0.61,11.2,5.9561,19.4876,-1.12601,0.0456,0.43326,-0.76329,0.64764,-0.19033,,,,,,,,,,,,,,,,,,,,,,,,
151,20156srl,San Roque lower,srl,6,2015,15,6/22/15,Jesusita,1.00,1.00,0.66,0.76,2,2,0,20,20,3,3,1,Mission ,0.0014,0.0124,1.7528,0.0006,0.0037,0.4106,2,0.25,0,139,34.457145,-119.729014,5.94,5.94,83.1,0.64,0.40,0.10,20,2,1,3087,200,0,2,556.5,240.5,316,128,2,239,0,46,0,0,46,69.5,60.5,53,183,0,87,0,64,450,52,0,87,367,177,2,0,54,124,337,447,67.5,409.5,63.5,41,0,506,9,409,263,13,240.5,159,157,555,2,0,2,116,439,18,0.74,13.4,4.2725,19.3654,-1.12122,0.15121,0.35953,-0.70252,0.62916,-0.08845,,,,,,,,,,,,,,,,,,,,,,,,
166,20166srl,San Roque lower,srl,6,2016,15,7/15/16,Jesusita,1.00,1.00,0.66,0.76,,,,,,,,0,Mission ,0.0000,0.0108,0.6938,0.0006,0.0036,0.2860,3,0.38,0,139,34.457145,-119.729014,6.94,6.94,,0.00,0.00,,,,,,,,,,,,,,,,,,,,,,,,,,,,,,,,,,,,,,,,,,,,,,,,,,,,,,,,,,,,,,,,,,,,,,,,,,,,,,,,,,,,,,,,,,,,,
186,20176srl,San Roque lower,srl,6,2017,15,6/18/17,Jesusita,1.00,1.00,0.66,0.76,2,2,0,20,20,3,3,1,Mission ,0.0079,0.1242,12.0346,0.0028,0.0958,9.8542,0,0.52,0.5,139,34.457145,-119.729014,7.94,7.94,50.7,0.70,0.54,0.08,18,4,7,1869,44,2845,0,376,298,78,294,2,296,0,20,0,0,20,22,16,13,51,0,7,0,17,356,20,2,5,574,68,1,0,0,40,333,371,2,336,15,22,12,360,1,369,297,4,298,47,31,372,2,2,4,42,330,14,0.50,7.8,4.0435,19.4419,-1.16369,-0.00221,0.71397,-0.81958,0.92784,-0.10093,,,,,,,,,,,,,,,,,,,,,,,,
205,20186srl,San Roque lower,srl,6,2018,15,6/9/18,Jesusita,1.00,1.00,0.66,0.76,2,2,0,20,20,3,3,1,Mission ,0.0008,0.0103,1.2148,0.0006,0.0098,0.9231,0,0.08,0.46,139,34.457145,-119.729014,8.94,8.94,61,0.76,0.53,0.06,17,7,7,1734,221,2,0,568,309,259,284,0,305,4,1,0,0,1,245,7,2,254,0,4,0,5,557,5,0,4,589,254,0,0,2,252,308,560,2,315,2,245,3,559,0,541,311,0,309,250,9,564,0,4,0,250,318,10,0.53,4.5,5.9760,19.5000,-0.94495,0.46608,0.72871,-0.29931,0.97834,-0.35548,,,,,,,,,,,,,,,,,,,,,,,,
221,20206srl,San Roque lower,srl,6,2020,15,6/12/20,Jesusita,1.00,1.00,0.66,0.76,2,2,0,20,20,3,4,1,Mission ,0.0054,0.0358,2.0954,0.0008,0.0378,2.2483,0,0.17,0.54,139,34.457145,-119.729014,10.94,10.94,73,0.91,0.58,0.04,16.8,11,7,1112,32,685,0,330,79,251,652,0,79,0,17,0,3,20,189,16,23,228,0,3,6,19,304,17,4,0,731,220,8,2,5,207,118,313,16,111,30,189,10,320,0,886,88,8,79,203,48,318,7,5,3,209,118,15,0.41,6.8,4.4230,19.0934,-0.80834,0.26591,0.83159,-0.35061,0.98199,-0.08236,,,,,,,,,,,,,,,,,,,,,,,,
63,20106sru,San Roque upper,sru,6,2010,14,6/17/10,Jesusita,0.00,0.92,0.63,0.69,1,1,0,10,10,5,1,1,Mission ,0.0108,0.0786,2.6051,0.0065,0.1088,5.0120,0,0,,214,34.465553,-119.731284,0.86,0.86,94.9,1.0,0.48,0.21,18.1,9.38,,784,,,,267,1,266,87,1,0,0,177,0,2,179,59,12,10,81,5,1,123,72,72,177,0,0,88,88,0,1,6,82,179,253,14,180,28,59,12,253,2,302,0,52,1,239,27,202,17,48,2,243,22,17,0.67,10.8,2.6616,16.6650,-0.45229,-0.48907,0.57515,,,,8.17,1.72,2.40,0.49,0.94,0.682,3.248,2.582,21.340,23.59,11.35,0.098,0.026,0.17,0.33,59.4,35.0,59.4,35.0,,,,,
79,20116sru,San Roque upper,sru,6,2011,14,6/22/11,Jesusita,0.00,0.92,0.63,0.69,1,1,0,10,10,5,2,1,Mission ,0.0133,0.2062,17.2166,0.0215,0.2067,11.0435,0,0,,214,34.465553,-119.731284,1.86,1.86,94.7,1.0,0.63,0.09,19.3,8.8,,760,,,,207,1,206,130,1,0,0,44,0,31,75,103,5,23,131,0,0,35,45,127,44,0,0,129,129,4,31,4,136,67,168,39,48,56,103,23,184,0,277,4,56,1,175,31,150,25,32,1,178,28,14,0.64,9.2,2.3064,16.3474,-0.40259,0.04475,0.67991,,,,,,,,,,,,,,,,,,,,,,,,,,,
99,20126sru,San Roque upper,sru,6,2012,14,6/22/12,Jesusita,0.00,0.92,0.63,0.69,1,1,0,10,10,5,2,1,Mission ,0.0048,0.0132,0.2642,0.0014,0.0072,0.1642,0,0,,214,34.465553,-119.731284,2.86,2.86,92.8,1.0,0.54,0.10,17.4,8.51,,823,,,,512,34,478,26,0,34,0,44,0,234,278,76,17,106,199,0,1,242,67,201,45,0,0,75,186,1,231,18,346,146,255,255,56,378,76,201,307,2,281,38,219,34,349,129,269,240,3,2,365,145,19,0.67,10.9,2.5558,16.1581,0.37751,0.24856,0.08658,,,,,,,,,,,,,,,,,,,,,,,,,,,
121,20136sru,San Roque upper,sru,6,2013,14,6/7/13,Jesusita,0.00,0.92,0.63,0.69,1,1,0,10,10,5,2,1,Mission ,0.0014,0.0124,0.2206,0.0006,0.0030,0.0317,0,0,,214,34.465553,-119.731284,3.86,3.86,88.4,0.90,0.53,0.12,15.9,6.9,7,961,136,0,0,582,40,542,17,1,39,0,75,0,149,224,153,18,135,306,11,1,174,93,311,75,0,1,60,308,9,146,54,315,209,341,237,98,322,158,144,415,19,393,49,157,40,341,201,394,188,0,4,389,189,23,0.71,12.6,2.8664,16.5035,0.14694,0.325,0.08062,0.36648,0.17194,0.18146,,,,,,,,,,,,,,,,,,,,,,,,
137,20146sru,San Roque upper,sru,6,2014,14,6/20/14,Jesusita,0.00,0.92,0.63,0.69,1,1,0,10,10,5,3,1,Mission ,0.0017,0.0064,0.3993,0.0006,0.0046,0.6400,0,0,,214,34.465553,-119.731284,4.86,4.86,90.9,0.92,0.56,0.141,16.8,1.33,7,1065,162.5,157.5,0,386,9,378,20,1.25,8,0,100,0,12.5,112.5,97.5,16.25,101.25,215,12.5,37.5,19,58,305,100,0,38,28,218,11,13,29,156,196,312.5,68.75,142.5,142.5,96.25,1,376,4,379,24,4,8.75,231.25,146.25,358,28.75,0,1.25,223,163,18,0.77,12.6,4.6856,16.8955,-0.46631,0.41701,-0.25525,0.01597,-0.12152,-0.28975,,,,,,,,,,,,,,,,,,,,,,,,
152,20156sru,San Roque upper,sru,6,2015,14,7/2/15,Jesusita,0.00,0.92,0.63,0.69,1,1,0,10,10,5,3,1,Mission ,0.0014,0.0120,1.7528,0.0006,0.0036,0.4106,0,0,,214,34.465553,-119.731284,5.94,5.94,88.4,1.00,0.54,0.18,19,3,4.4,1196,220,179,0,319,51,268,62,2,49,0,62,0,0,62,73,9,34,116,7,83,0,18,284,62,0,82,112,117,8,0,9,149,144,278,24,199,42,61,0,301,1,319,58,4,51,203,65,310,9,0,2,142,175,17,0.81,11.9,4.9919,19.2102,-0.84409,0.30495,-0.06889,-0.37164,0.14786,-0.2553,,,,,,,,,,,,,,,,,,,,,,,,
167,20166sru,San Roque upper,sru,6,2016,14,7/15/16,Jesusita,0.00,0.92,0.63,0.69,1,1,0,10,10,5,3,1,Mission ,0.0000,0.0108,0.6938,0.0006,0.0036,0.2860,0,0,,214,34.465553,-119.731284,6.94,6.94,85.0,0.89,0.47,0.12,17,2.8,3,1200,157,40,0,360,49,311,130,0,49,0,170,0,10,180,42,7,30,79,0,52,11,20,323,172,0,51,180,77,0,10,14,95,245,326,28,273,42,39,9,341,4,425,50,15,49,260,51,349,11,0,0,222,138,20,0.63,10.6,3.7051,18.8540,-0.91146,-0.05647,-0.21977,-0.61991,-0.08644,-0.14003,,,,,,,,,,,,,,,,,,,,,,,,
187,20176sru,San Roque upper,sru,6,2017,14,6/18/17,Jesusita,0.00,0.92,0.63,0.69,1,1,0,10,10,5,3,1,Mission ,0.0079,0.1242,12.0346,0.0028,0.0958,9.8542,0,0,,214,34.465553,-119.731284,7.94,7.94,80.9,1.34,0.77,0.10,18,3,6.6,1061,46,77,0,233,85,148,174,0,85,0,29,0,2,31,43,12,59,114,3,0,18,16,197,29,0,0,229,147,0,2,3,63,165,223,8,116,72,43,12,219,0,319,86,2,85,74,74,220,13,0,0,77,156,15,0.70,10.6,2.1436,19.0411,-0.6887,0.19344,0.51108,-0.33289,0.67702,0.06107,,,,,,,,,,,,,,,,,,,,,,,,
206,20186sru,San Roque upper,sru,6,2018,14,6/9/18,Jesusita,0.00,0.92,0.63,0.69,1,1,0,10,10,5,3,1,Mission ,0.0008,0.0103,1.2148,0.0006,0.0098,0.9231,0,0,,214,34.465553,-119.731284,8.94,8.94,83,1.25,0.76,0.10,18,5,5,1021,545,116,0,565,363,202,48,0,363,0,37,0,0,37,65,18,81,164,0,1,36,13,513,37,0,1,406,157,12,0,10,107,445,540,22,380,117,65,2,560,0,235,377,1,363,94,108,528,36,1,0,102,463,14,0.53,8.0,1.3838,19.0888,-0.42001,0.54148,0.80132,0.06879,1.01742,0.01094,,,,,,,,,,,,,,,,,,,,,,,,
222,20206sru,San Roque upper,sru,6,2020,14,7/15/20,Jesusita,0.00,0.92,0.63,0.69,1,1,0,10,10,5,4,1,Mission ,0.0008,0.0318,2.0954,0.0000,0.0336,2.2483,0,0,,214,34.465553,-119.731284,10.94,10.94,92,1.12,0.58,0.212,16.5,5,5.6,878,80,1,0,245,32,213,28,0,32,0,34,0,29,63,106,10,33,149,1,0,34,50,159,34,0,0,61,148,1,29,23,137,83,179,64,58,79,106,17,217,9,217,36,20,32,156,57,208,37,0,0,170,75,18,0.77,13.1,2.0012,17.7169,-0.21729,0.38473,0.2143,0.22789,0.31482,-0.09042,,,,,,,,,,,,,,,,,,,,,,,,
37,20096sys,San Ysidro,sys,6,2009,24,6/15/09,,0.00,0.00,0.00,0.00,0,0,1,01,1,1,4,1,RS02,0.0125,0.0205,0.5267,0.0109,0.0134,0.1337,0,0,,199,34.452924,-119.621784,92.00,44.75,84.7,0.7,0.466,,15.5,8.92,,651,,,,374,8,366,2,0,8,0,19,0,149,168,111,84,0,195,0,3,176,176,15,20,0,0,28,178,1,148,43,314,11,86,282,92,240,36,223,73,72,97,40,238,8,263,103,214,160,0,1,287,86,22,0.67,14.1,1.4323,17.7751,1.18399,0.1548,-0.34442,,,,8.26,2.1,22.9,0.5,10.3,1.624,5.125,4.222,17.215,24.48,18.91,0.06,0.07,0.27,0.27,0.0,0.0,0.0,0.0,,,,,
64,20106sys,San Ysidro,sys,6,2010,24,6/16/10,,0.00,0.00,0.00,0.00,0,0,1,01,1,1,4,1,RS02,0.0110,0.0789,2.6051,0.0217,0.0429,2.6051,0,0,,199,34.452924,-119.621784,92.78,45.53,91.5,1.0,0.62,0.10,15.8,9.76,,629,,,,196,5,191,0,3,2,0,28,1,108,137,36,14,1,51,0,3,110,80,4,28,3,0,11,47,0,107,11,162,21,45,149,33,151,10,93,68,33,54,4,137,5,172,19,81,107,8,7,175,14,24,0.67,17.2,1.6051,17.1163,1.02059,-0.12181,-0.21497,,,,8.36,2.23,3.39,0.80,1.53,2.182,5.067,1.754,4.222,11.54,8.49,0.036,0.038,0.23,0.40,0.0,0.0,0.0,0.0,,,,,
81,20116sys,San Ysidro,sys,6,2011,24,6/29/11,,0.00,0.00,0.00,0.00,0,0,1,01,1,1,4,1,RS02,0.0113,0.2012,17.2166,0.0171,0.0604,1.5659,0,0,,199,34.452924,-119.621784,93.78,46.53,88.1,0.8,0.57,0.10,16.3,10.08,,583,,,,387,0,387,0,0,0,0,60,0,308,368,12,4,2,18,0,1,341,42,4,46,0,0,18,19,0,304,6,368,13,62,325,30,350,7,311,63,13,41,8,338,0,378,9,22,353,12,5,377,5,21,0.34,9.6,0.8035,15.8003,1.34189,-0.07963,0.24677,,,,,,,,,,,,,,,,,,,,,,,,,,,
101,20126sys,San Ysidro,sys,6,2012,24,6/27/12,,0.00,0.00,0.00,0.00,0,0,1,01,1,1,4,1,RS02,0.0028,0.0130,0.2642,0.0010,0.0058,0.0363,0,0,,199,34.452924,-119.621784,94.78,47.53,93.4,0.7,0.51,0.12,18.7,8.7,,712,,,,342,12,330,0,0,12,0,25,0,267,292,33,3,1,37,0,1,257,69,15,20,0,0,25,34,0,263,15,308,18,43,298,26,296,19,233,88,20,67,17,258,12,313,17,90,252,0,4,324,14,15,0.50,10.4,0.7958,16.1949,1.13846,0.10559,-0.10927,,,,,,,,,,,,,,,,,,,,,,,,,,,
123,20136sys,San Ysidro,sys,6,2013,24,6/10/13,,0.00,0.00,0.00,0.00,0,0,0,00,0,0,4,1,RS02,0.0017,0.0122,0.2206,0.0015,0.0039,0.0147,0,0,,199,34.452924,-119.621784,95.78,48.53,90.9,0.68,0.48,0.08,17.5,5.2,7,738,44,0,0,658,212,446,1,0,212,0,15,0,345,360,82,2,1,85,0,1,238,201,121,16,0,93,124,83,0,343,43,487,30,138,422,134,373,53,231,290,39,268,140,251,212,397,49,443,215,0,0,633,25,17,0.59,9.0,1.7575,17.2248,1.03636,0.16336,-0.42323,1.03743,-0.43057,0.88912,,,,,,,,,,,,,,,,,,,,,,,,
138,20146sys,San Ysidro,sys,6,2014,24,6/22/14,,0.00,0.00,0.00,0.00,0,0,0,00,0,0,4,1,RS02,0.0014,0.0064,0.3993,0.0000,0.0021,0.2040,0,0,,199,34.452924,-119.621784,96.78,49.53,95.8,0.98,0.49,0.11,16.4,3.06,7,844,27,0,0,259,92,167,9,0,92,0,5,0,84,89,74,1,2,77,0,1,69,59,103,5,0,52,51,76,0,84,25,193,13,109,122,66,100,65,64,154,13,147,46,75,92,138,29,193,66,0,0,243,16,15,0.78,10.9,2.2048,17.4204,0.49144,0.32921,-0.0045,0.90625,-0.09235,0.33958,,,,,,,,,,,,,,,,,,,,,,,,
153,20156sys,San Ysidro,sys,6,2015,24,7/6/15,,0.00,0.00,0.00,0.00,0,0,0,00,0,0,4,1,RS02,0.0011,0.0118,1.7528,0.0000,0.0004,0.0252,0,0,,199,34.452924,-119.621784,97.86,50.61,94.9,0.91,0.45,0.11,17,3,3.5,941,37,0,2,213,78,135,117,0,78,0,2,0,95,97,26,8,1,35,0,3,94,15,83,6,0,29,169,30,1,95,12,147,33,80,112,67,99,26,93,95,4,180,57,93,78,116,19,120,93,0,0,160,53,18,0.58,9.2,1.3005,16.9812,0.12395,-0.03508,0.7205,-0.00628,0.5708,0.71904,,,,,,,,,,,,,,,,,,,,,,,,
168,20166sys,San Ysidro,sys,6,2016,24,7/14/16,,0.00,0.00,0.00,0.00,0,0,0,00,0,0,4,1,RS02,0.0000,0.0108,0.6938,0.0000,0.0001,0.0059,0,0,,199,34.452924,-119.621784,98.86,51.61,94.2,0.84,0.45,0.02,17,1.7,3.6,1018,237,2,2,439,57,382,109,1,56,0,12,0,232,244,58,7,28,93,0,45,236,20,170,14,0,51,159,92,0,232,11,348,67,177,249,101,262,63,231,185,10,252,53,243,57,338,44,201,237,1,1,315,123,24,0.59,10.7,1.9207,16.3007,0.1937,0.03913,0.48092,0.08058,0.44238,0.57888,,,,,,,,,,,,,,,,,,,,,,,,
189,20176sys,San Ysidro,sys,6,2017,24,6/26/17,,0.00,0.00,0.00,0.00,0,0,0,00,0,0,4,1,RS02,0.0051,0.1207,12.0346,0.0012,0.0147,1.4943,0,0,,199,34.452924,-119.621784,99.86,52.61,94.6,0.52,0.42,0.05,19,9,7,826,150,177,0,577,26,551,114,0,26,0,75,0,317,392,113,13,32,158,0,1,353,53,171,75,1,0,140,162,0,313,14,472,91,243,334,70,393,114,314,249,14,303,34,354,26,500,51,189,353,35,5,501,71,22,0.58,10.7,1.4104,16.1443,0.27142,-0.03438,0.41691,0.17708,0.4809,0.55945,,,,,,,,,,,,,,,,,,,,,,,,
208,20186sys,San Ysidro,sys,6,2018,24,6/19/18,Thomas,0.15,1.00,0.82,0.99,3,3,0,30,30,8,1,1,Carpinteria,0.0000,0.0100,1.2148,0.0057,0.0912,11.0436,0,0,,199,34.452924,-119.621784,0.50,0.50,18,0.51,0.40,0.01,22,9,8,793,185,4555,0,2553,0,2553,300,0,0,0,2329,0,1,2330,29,176,2,207,0,16,2,211,2304,2342,1,0,303,205,1,1,9,177,2330,2468,49,2478,10,29,134,2351,31,2772,8,73,0,2347,206,2492,2,59,1,2359,193,23,0.27,6.1,5.5829,18.9686,-1.21677,-0.66053,-0.73362,-1.24943,-0.70408,-0.2262,,,,,,,,,,,,,,,,,,,,,,,,
223,20206sys,San Ysidro,sys,6,2020,24,6/18/20,Thomas,0.15,1.00,0.82,0.99,3,3,0,30,30,8,2,1,Carpinteria,0.0011,0.0350,2.0954,0.0091,0.0477,3.1432,0,0,,199,34.452924,-119.621784,2.50,2.50,11,0.55,0.40,0.02,16.6,11,8,603,9,1075,0,579,0,579,101,0,0,0,520,0,0,520,20,24,4,48,0,11,0,544,32,522,9,0,101,48,0,0,2,44,530,552,24,552,1,23,19,57,500,155,0,525,0,523,56,59,0,520,9,540,30,14,0.39,7.3,2.5738,21.9643,-1.09302,-1.00511,0.91196,-1.4922,0.7516,0.64427,,,,,,,,,,,,,,,,,,,,,,,,
80,20116syc,Sycamore,syc,6,2011,22,6/23/11,Tea,0.00,0.00,0.47,0.69,1,1,0,10,10,2,2,1,RS02,0.0127,0.2054,17.2166,0.0177,0.0614,1.5659,0,0,,65,34.442444,-119.674701,2.36,2.36,84.2,0.9,0.59,0.11,18.3,9.46,,725,,,,420,21,399,56,7,14,0,254,0,23,277,76,19,27,122,0,0,92,192,136,254,0,0,70,119,11,22,7,114,299,379,41,285,58,77,13,350,57,271,27,178,21,348,51,243,17,160,8,352,60,20,0.77,14.0,1.7455,18.4159,-0.40675,-0.45743,0.42802,,,,,,,,,,,,,,,,,,,,,,,,,,,
100,20126syc,Sycamore,syc,6,2012,22,6/26/12,Tea,0.00,0.00,0.47,0.69,1,1,0,10,10,2,2,1,RS02,0.0031,0.0130,0.2642,0.0007,0.0058,0.0363,0,0,,65,34.442444,-119.674701,3.36,3.36,85.3,0.8,0.63,0.10,18.6,8.67,,1077,,,,698,29,669,47,9,20,0,359,0,92,451,83,11,121,215,0,3,50,234,410,359,1,0,68,223,4,90,5,189,500,586,108,389,220,85,19,525,150,526,28,191,29,532,137,525,32,141,14,530,154,28,0.70,14.6,2.2446,20.4873,-0.49539,-0.08454,-0.3041,,,,,,,,,,,,,,,,,,,,,,,,,,,
122,20136syc,Sycamore,syc,6,2013,22,6/3/13,Tea,0.00,0.00,0.47,0.69,1,1,0,10,10,2,2,1,RS02,0.0020,0.0125,0.2206,0.0006,0.0040,0.0147,0,0,,65,34.442444,-119.674701,4.36,4.36,86.6,0.66,0.46,0.05,16.6,8.02,7,485,54,0,0,478,103,375,110,32,71,0,40,0,2,42,120,15,193,328,0,5,5,71,397,40,0,4,182,352,7,3,34,116,323,427,46,121,227,125,3,457,13,460,81,47,103,139,236,440,36,2,32,163,283,22,0.66,11.0,3.7492,17.3477,-0.60685,0.51052,0.23753,-0.12482,0.48321,-0.13412,,,,,,,,,,,,,,,,,,,,,,,,
188,20176syc,Sycamore,syc,6,2017,22,6/30/17,Tea,0.00,0.00,0.47,0.69,1,1,0,10,10,2,3,1,RS02,0.0059,0.1190,12.0346,0.0013,0.0145,1.4943,0,0,,65,34.442444,-119.674701,8.44,8.44,87.6,0.70,0.51,0.054,17,8,6.2,2000,36,83,0,567,24,543,193,1,23,0,174,0,4,178,313,22,13,348,0,17,3,20,526,174,0,17,216,348,1,4,12,328,209,525,24,217,23,309,5,541,3,714,42,4,24,496,47,563,4,0,1,491,75,18,0.56,8.8,5.1866,18.8586,-0.95848,0.18628,0.08538,-0.43335,0.19475,-0.41078,,,,,,,,,,,,,,,,,,,,,,,,
207,20186syc,Sycamore,syc,6,2018,22,6/22/18,Tea,0.00,0.00,0.47,0.69,1,1,0,10,10,2,3,1,RS02,0.0000,0.0098,1.2148,0.0000,0.0027,0.3333,0,0,,65,34.442444,-119.674701,9.44,9.44,90,1.23,0.68,0.026,18,7,6.2,2011,28,2,0,651,91,560,79,2,87,2,22,0,5,27,306,65,57,428,0,105,4,41,566,24,0,105,167,409,22,3,34,413,164,548,63,237,69,305,2,606,3,575,150,5,91,407,153,642,7,2,4,333,314,20,0.66,10.8,4.2839,19.2149,-0.65517,0.65306,0.32624,0.04225,0.49711,-0.51423,,,,,,,,,,,,,,,,,,,,,,,,
139,20146taj,Tajiguas,taj,6,2014,5,6/25/14,,0.00,0.00,0.00,0.00,0,0,0,00,0,0,4,1,HO00,0.0014,0.0064,0.3993,0.0000,0.0045,0.5242,0,0,,108,34.500838,-120.094127,58.53,58.53,97.0,1.00,0.52,0.04,16.5,4.52,7,1159,50,0,0,613,30,583,29,5,25,0,56,0,20,76,289,16,170,475,2,30,17,40,552,56,0,27,54,471,14,20,11,355,243,557,52,112,209,288,6,597,6,590,39,13,30,386,197,589,24,0,8,368,237,21,0.60,11.5,2.7233,17.4811,-0.41206,0.73924,0.15277,0.25433,0.30334,-0.46538,,,,,,,,,,,,,,,,,,,,,,,,
154,20156taj,Tajiguas,taj,6,2015,5,7/17/15,,0.00,0.00,0.00,0.00,0,0,0,00,0,0,4,1,HO00,0.0017,0.0115,1.7528,0.0001,0.0013,0.1879,0,0,,108,34.500838,-120.094127,59.61,59.61,84.0,0.53,0.30,0.05,18,4,3.5,1255,46,0,2,608,169,439,20,28,134,7,42,0,25,67,38,22,193,253,2.5,116.7,18,54,526,49.2,0,138,131,267,18,26,4,226,368,538,59.2,305.8,259.2,32.5,13,580,5,450,135,43,169.2,220.0,219.2,553.3,48.3,6.7,29.2,138,442,28,0.67,14.6,1.3543,17.8534,-0.44151,0.90263,-0.28006,0.24978,-0.01944,-0.81432,,,,,,,,,,,,,,,,,,,,,,,,
169,20166taj,Tajiguas,taj,6,2016,5,8/25/16,,0.00,0.00,0.00,0.00,0,0,0,00,0,0,4,1,HO00,0.0000,0.0095,0.6938,0.0001,0.0040,0.9438,0,0,,108,34.500838,-120.094127,60.61,60.61,90.8,0.36,0.26,0.04,20,2.0,2,1309,77,13,2,1221,90,1131,7,56,34,0,215,0,2,217,21,29,20,70,1,843,0,71,1139,215,0,847,36,110,16,2,3,897,312,1179,33,1106,83,23,2,1204,6,1119,42,65,90,1078,53,1164,57,0,56,247,918,23,0.39,8.9,5.4421,15.0440,-0.92276,0.3119,-1.25407,-0.42184,-0.80977,-1.12944,,,,,,,,,,,,,,,,,,,,,,,,
190,20176taj,Tajiguas,taj,6,2017,5,6/28/17,,0.00,0.00,0.00,0.00,0,0,0,00,0,0,4,1,HO00,0.0051,0.1199,12.0346,0.0019,0.1554,6.3847,0,0,,108,34.500838,-120.094127,61.61,61.61,70.9,1.15,0.65,0.079,20,5,5.6,1274,57,1182,0,4005,53,3952,168,0,53,0,2997,0,0,2997,407,58,65,530,1,424,0,46,3945,2997,0,424,219,532,1,0,0,877,3114,3989,2,3518,66,407,43,3946,2,4118,53,2,53,3829,123,4004,1,0,0,3405,600,16,0.40,7.6,7.2760,19.5463,-1.03706,-0.17223,-0.78246,-0.70938,-0.67834,-0.43555,,,,,,,,,,,,,,,,,,,,,,,,
209,20186taj,Tajiguas,taj,6,2018,5,7/16/18,,0.00,0.00,0.00,0.00,0,0,0,00,0,0,4,1,HO00,0.0000,0.0090,1.2148,0.0002,0.0141,2.9625,0,0,,108,34.500838,-120.094127,62.61,62.61,72.3,1.09,0.45,0.037,22,3,2.6,1463,29,223,0,1215,56,1159,60,24,32,0,159,0,0,159,146,39,303,488,1,511,0,54,1156,159,0,510,94,496,16,0,6,695,509,1189,21,739,320,151,20,1179,11,1194,47,34,56,811,348,1189,26,0,24,306,885,23,0.59,10.3,2.9709,16.5672,-0.71983,0.69805,-0.34779,-0.08795,-0.0805,-0.78997,,,,,,,,,,,,,,,,,,,,,,,,
,,,,,,,,,,,,,,,,,,,,,,,,,,,,,,,,,,,,,,,,,,,,,,,,,,,,,,,,,,,,,,,,,,,,,,,,,,,,,,,,,,,,,,,,,,,,,,,,,,,,,,,,,,,,,,,,,,,,,,,,,,,,,,,,,,,